project_name,github_link,readme_installation_score,readme_quality_score,commit_activity_score,total_score,readme_installation_comments,readme_quality_comments,commit_activity_comments
https://github.com/Beetrace-Ke,https://github.com/Beetrace-Ke,0,0,0,0,Error during evaluation: list index out of range,Error during evaluation: list index out of range,Error during evaluation: list index out of range
tomasz2001/voyager,https://github.com/tomasz2001/voyager,3,4,2,9,"The README provides a unique overview of the Voyager project, its principles, and its technology. However, it lacks clear installation steps for setting up the project. The README mentions that the uncompiled agent [the panda] requires the installation of asyncio and ic-py libraries via pip, which is a good start. However, it does not provide a step-by-step guide on how to install and set up the agent. The README assumes that the reader is already familiar with pip and Python, which may not be the case for all users. Additionally, there are no prerequisites mentioned, and the installation process is not easy to follow. Overall, while the README provides a good overview of the project, it falls short in providing clear installation steps, which is a crucial aspect of a project's README file.","The README file provides a good overview of the VOYAGER system, its manifesto, and its technical aspects. The writing is mostly clear, and the author has made an effort to organize the content using headings and subheadings. However, there are some areas that could be improved:","The project has a total of 8 commits during the hackathon period, which is not very impressive. The commit messages, especially the last 5, are mostly cryptic and do not provide much insight into the development activity. There is no clear indication of a consistent development activity throughout the hackathon period. While there are some commits, they seem to be mostly minor changes, and the quality of the commit messages is lacking. Overall, the commit activity is not very encouraging, hence the score of 2."
Harshit457/QRewards,https://github.com/Harshit457/QRewards,4,4,2,10,"The README provides a clear overview of the project's structure, features, and tech stack. The installation instructions are laid out in a step-by-step manner, which is excellent. However, some minor details could be improved for clarity. Specifically, the instructions for backend setup and smart contract deployment could be more detailed, with exact commands and potential error handling. Additionally, it would be helpful to include a brief summary of how to update the VITE_CONTRACT_ADDRESS in the frontend .env file. Overall, the installation instructions are good, but could benefit from a bit more polish to make them more comprehensive and easy to follow.","The README file is generally well-structured and easy to follow. The use of headers, bold text, and emojis adds a touch of professionalism and makes the content more engaging. The explanations of the project's features, tech stack, and installation process are clear and concise.","Although the project had some commits during the hackathon period, the number of commits is extremely low, with only 2 commits in total. The commit messages also seem to be mostly related to merging the main branch and adding a specific feature, without much detail on the development activity. The lack of consistency in development activity and the limited scope of actual project development make me assign a score of 2, indicating ""Poor"" commit activity."
https://www.github.com/rhinospider,https://www.github.com/rhinospider,0,0,0,0,Error during evaluation: Invalid GitHub URL: https://www.github.com/rhinospider,Error during evaluation: Invalid GitHub URL: https://www.github.com/rhinospider,Error during evaluation: Invalid GitHub URL: https://www.github.com/rhinospider
metapay-creator/MetaPayP2P-Clean,https://github.com/metapay-creator/MetaPayP2P-Clean,3,4,4,11,"The README provides a good overview of the project's tech stack, project structure, and components. However, the installation instructions are somewhat lacking. The only explicit installation step mentioned is installing dependencies with `npm install`. There is no clear guidance on how to run the project, although it seems that running `npm run dev` and `cd ai-server` followed by `node server.js` might be necessary.","The README file is generally well-structured and well-written, making it easy to follow and understand. The use of headers, bold text, and emojis adds a touch of professionalism and makes the content more engaging. The explanations of the project's concept, features, and roadmap are clear, and the inclusion of a tech stack table is helpful.","The project has had 18 commits during the hackathon period, which indicates a decent level of activity. The recent commit messages suggest that the development team has been working on meaningful features, such as updating the app's UI and adding a user guide link. While the commits are not extremely frequent, they are relatively consistent, with 3-4 commits per week. The quality of the commit messages is also good, providing a clear idea of what changes were made. Overall, the commit activity indicates a good level of development activity, but could be more active to reach an ""Excellent"" score."
,,0,0,0,0,Error during evaluation: 'float' object has no attribute 'endswith',Error during evaluation: 'float' object has no attribute 'endswith',Error during evaluation: 'float' object has no attribute 'endswith'
TABBY-ARUH/cybersec-Ai-Agent,https://github.com/TABBY-ARUH/cybersec-Ai-Agent,4,4,3,11,"The README provides a good overview of the project and its components, including the default project structure, configuration file, and basic commands for running the project. The installation steps are mostly clear, with the exception of a few minor details that could be improved. For example, the README assumes that the reader has already installed the necessary dependencies, such as dfx, but does not explicitly list the dependencies. Additionally, the README could benefit from a more detailed explanation of the steps for setting up the development environment.","The README file is generally clear and well-organized, with a good logical structure and flow. The use of headers and formatting is good, making it easy to scan and navigate. The explanations are clear, and the documentation links provided are helpful.","The project has a total of 3 commits during the hackathon period, which is not extremely low, but not impressively high either. The commit messages suggest that the development activity was focused on fixing a serialization bug, updating the dfx.json file, and cleaning up the repository. While these commits are meaningful, they are not extremely complex or extensive. The consistency of development activity is also not evident, as there are gaps between the commits. Overall, the project shows some signs of development, but it could be more active and consistent."
TheoJustin/sunshinev2,https://github.com/TheoJustin/sunshinev2,4,4,4,12,"The README provides a good overview of how to get started with the `sunshinev2` project, including basic installation steps and dependencies. The instructions for running the project locally are clear and easy to follow, with specific commands provided for starting the replica, deploying canisters, and generating a new candid interface. Additionally, the README mentions some important notes, such as the need to adjust frontend environment variables for production deployment.","The README file is generally clear and well-structured, with a logical flow and good use of headers and formatting. The introduction provides a good overview of the project and its purpose, and the subsequent sections provide detailed instructions on how to get started and run the project locally. The use of code blocks and commands is also effective in conveying technical information.","The project has a decent number of commits (51) during the hackathon period, indicating regular development activity. The recent commit messages suggest that the team has been actively working on improving the graph feature, with a mix of bug fixes, new features, and styling changes. The quality of the commit messages is generally good, providing brief descriptions of the changes made. While the team could have been more consistent with their commit frequency, the overall activity level is good, indicating a strong development effort during the hackathon period. However, the commits could be more focused on actual project development rather than just minor changes."
,,0,0,0,0,Error during evaluation: 'float' object has no attribute 'endswith',Error during evaluation: 'float' object has no attribute 'endswith',Error during evaluation: 'float' object has no attribute 'endswith'
,,0,0,0,0,Error during evaluation: 'float' object has no attribute 'endswith',Error during evaluation: 'float' object has no attribute 'endswith',Error during evaluation: 'float' object has no attribute 'endswith'
,,0,0,0,0,Error during evaluation: 'float' object has no attribute 'endswith',Error during evaluation: 'float' object has no attribute 'endswith',Error during evaluation: 'float' object has no attribute 'endswith'
sarthakbahal/supply-chain,https://github.com/sarthakbahal/supply-chain,3,0,3,6,"The README provides a brief overview of how to install and run the project, but it could be more detailed. The instructions are mostly step-by-step, but some assume prior knowledge of the environment and tools required. The dependencies are not explicitly listed, but it's mentioned that the project uses a specific version of a certain library. There are no prerequisites mentioned, which could be beneficial for users who are new to the project. Overall, the installation process is somewhat easy to follow, but could be improved with more clarity and detail.",No quality assessment provided.,"There is a total of 2 commits during the hackathon period, which is not an extremely high number. However, the recent commit messages suggest that the developer is actively working on the project, with one commit being ""almost done"" and another being ""icp init"", which implies that the project is making progress. The consistency of development activity is not clear from the given data, but the quality of commit messages is generally good. Overall, the commit activity is fair, with some commits but could be more active."
,,0,0,0,0,Error during evaluation: 'float' object has no attribute 'endswith',Error during evaluation: 'float' object has no attribute 'endswith',Error during evaluation: 'float' object has no attribute 'endswith'
Mina-Ibrahim-Mina/Renewables-Vault,https://github.com/Mina-Ibrahim-Mina/Renewables-Vault.git,4,4,2,10,"The README provides a good overview of how to deploy the project, including clear steps for deploying from ICP Ninja and the command-line. The installation steps are presented in a logical order, and the dependencies are listed, although some are mentioned indirectly (e.g., the IC SDK). The README also provides a link to the security best practices, which is a good practice. However, the instructions could be more detailed, especially for those who are new to the IC platform. Additionally, it would be helpful to provide a brief overview of the project's dependencies and any prerequisites, such as Node.js or a specific version of the IC SDK. Overall, the README is easy to follow, and the installation process is straightforward once you have the necessary dependencies installed.","The README file is generally well-structured and clear, making it easy to follow and understand. The use of headers (e.g., ## Deploying from ICP Ninja, ## Build and deploy from the command-line) and bullet points helps to break up the text and create a logical flow. The file also provides relevant information, such as cautions and security considerations, which is important for users.","The project has a total of 32 commits during the hackathon period, which suggests some development activity. However, the recent commit messages suggest that most of the commits are repetitive and do not provide much insight into the actual development progress. There is no indication of meaningful development or significant changes made during the hackathon. The consistency of development activity is not evident, and the commits seem to be more focused on specific tasks rather than overall project development. Overall, the commit activity is not impressive, and the score is assigned as ""Poor""."
Arthur-Fialho/WCHL25-ScholarFlow,https://github.com/Arthur-Fialho/WCHL25-ScholarFlow,4,4,3,11,"The README provides a good overview of the project's features and technologies used, which is helpful for understanding the project's scope. However, the installation steps could be more detailed and step-by-step. The provided instructions are somewhat cryptic, and it's unclear what exactly needs to be done in each step. Additionally, there is no clear explanation of how to set up the Plug Wallet browser extension, which is a prerequisite for full functionality.","The README is generally well-organized and easy to follow, with clear headings and formatting. The language is professional and concise, making it easy to understand the project's goals and features. The sections are logically structured, and the use of bullet points and short paragraphs helps to break up the text.","There were a total of 4 commits during the hackathon period, which indicates some development activity. However, the commit messages suggest that the development was more focused on setting up the initial MVP and adding features rather than constantly working on the project throughout the hackathon. The consistency of development activity is not high, as there are gaps in commits. Overall, the commit activity is fair, but could be more consistent and intense throughout the hackathon."
DcodeBlock/DcodeBlock_,https://github.com/DcodeBlock/DcodeBlock_,1,2,1,4,"This README file does not provide any installation steps or clear instructions on how to run the project. It simply states that it is the repository for DcodeBlock with all the functional codes, which does not help the user understand how to install or use the project.","The README file is very brief and lacks structure, making it difficult to understand the purpose and content of the repository. There are no headers, formatting, or explanations provided, which makes it hard to determine what the code does and what it's used for. Additionally, there is a grammatical error (""codes"" instead of ""code""). While it's understandable that the file might be intended to be brief, it's essential to provide some basic information to help users quickly understand the project's purpose and scope.",No commits found during hackathon period.
petrakol/blockxpand-icp,https://github.com/petrakol/blockxpand-icp,4,4,4,12,"The README provides a good overview of the installation process, but it could be more detailed and step-by-step. The instructions for setting up the development environment are clear, but the deployment process is not fully described. The README mentions a `deploy.sh` script, but it does not provide the exact steps to deploy the project. Additionally, some dependencies are mentioned, but not all of them. For example, it is not clear which version of Rust and `dfx` are required.","The README file is well-structured and provides a good overview of the project, its features, and its technical details. The use of headers and formatting is effective in breaking up the content and making it easy to scan. The writing is generally clear, and the technical terms are explained in a way that is easy to understand.","The project has a good number of commits during the hackathon period, with 186 commits in total. The recent commit messages suggest that the development activity is focused on adding features and fixing issues, with a good variety of changes. While there isn't a consistent flow of commits throughout the hackathon period, the quality of the commit messages is good, indicating that the development is meaningful. Overall, the commit activity is regular and shows good development progress, hence a score of 4."
sirrauf/KuSehat-Web3,https://github.com/sirrauf/KuSehat-Web3,4,3,4,11,"The README provides a good overview of the installation process, but it can be improved with more detail and clarity in some sections. The steps for installing and setting up the virtual environment, pip, and requirements are clear, but the process for installing and configuring Laragon is not well-explained. Additionally, the steps for running the API website KuSehat Motoko are not clearly separated from the steps for running the Python website. The README also assumes some basic knowledge of command-line interfaces and virtual environments, which may not be familiar to all users.","The README file is generally understandable, but it could benefit from better organization and formatting. The content is scattered across multiple sections, making it difficult to follow the logical flow of the project.","The project has a moderate level of commit activity during the hackathon period, with a total of 136 commits. Although the number of commits is high, the quality of commit messages is decent, with some of them indicating meaningful updates to the project. The recent commit messages suggest that the developers are making progress on the project, with updates to the README, labels, and requirements files, as well as changes to the database folder. However, the commit messages could be more detailed and descriptive. Overall, the project shows good development activity, but could improve by providing more context and details about the changes made in each commit."
,,0,0,0,0,Error during evaluation: 'float' object has no attribute 'endswith',Error during evaluation: 'float' object has no attribute 'endswith',Error during evaluation: 'float' object has no attribute 'endswith'
Muggzie76/ic-dates,https://github.com/Muggzie76/ic-dates,4,4,1,9,"The README file provides a clear and concise installation guide, breaking it down into 5 steps. The instructions are easy to follow, and all dependencies are listed, except for the assumption that Node.js and npm are already installed. The guide also assumes that the user has git installed and is familiar with basic command-line operations. Overall, the installation steps are well-organized and clear, but could benefit from a brief mention of the prerequisites (Node.js, npm, and git) at the beginning.","The README file is generally clear and easy to follow, with a good logical structure and flow. The use of headers and formatting is effective in breaking up the content into manageable sections. The explanations of the project's features, prerequisites, and installation process are clear and concise.",No commits found during hackathon period.
https://github.com/sindtext,https://github.com/sindtext,0,0,0,0,Error during evaluation: list index out of range,Error during evaluation: list index out of range,Error during evaluation: list index out of range
ZeyaRabani/BIT10,https://github.com/ZeyaRabani/BIT10,3,4,3,10,"The README provides a basic overview of how to install and run the project, but it could be more detailed. The installation steps are straightforward, but they are very brief and do not provide much context. The dependencies are not explicitly listed, although it is mentioned that npm is required. The architecture overview section provides some useful information, but it is not directly related to the installation process. Overall, the README provides enough information for someone familiar with the technologies used to install and run the project, but it may be confusing for someone who is new to the project or the technologies used.","The README file is generally well-structured and easy to follow. The use of headers and subheaders helps to break down the content into manageable sections, making it easy to navigate. The writing is clear and concise, with no major grammatical errors. The inclusion of technical details, such as code structure and tech stack, is useful for developers and technical readers.","The project has a moderate score due to the relatively low number of commits (4) during the hackathon period. The recent commit messages indicate that the commits are meaningful and show actual project development, such as removing unused routes, updating server logic, and updating the referral page. However, the consistency of development activity is not explicitly shown, as there is a gap in the commit messages. Overall, the commits appear to be focused on specific tasks, but the activity could be more consistent throughout the hackathon period."
,,0,0,0,0,Error during evaluation: 'float' object has no attribute 'endswith',Error during evaluation: 'float' object has no attribute 'endswith',Error during evaluation: 'float' object has no attribute 'endswith'
,,0,0,0,0,Error during evaluation: 'float' object has no attribute 'endswith',Error during evaluation: 'float' object has no attribute 'endswith',Error during evaluation: 'float' object has no attribute 'endswith'
Warmarth/MasteryMakers,https://github.com/Warmarth/MasteryMakers.git,3,4,1,8,"The README provides a basic overview of how to run the project, but it falls short of being a comprehensive installation guide. The ""Getting Started"" section includes a few terminal commands, but it does not provide a clear step-by-step process for setting up the project. Additionally, there is no mention of dependencies or prerequisites. While the README is well-organized and provides a good overview of the project, it could benefit from more detailed installation instructions.","The README is well-structured and easy to follow, with a clear introduction to the project and its vision. The use of headers and formatting is effective in breaking up the content and highlighting key features. The language is generally clear and concise, although there are a few instances of repetitive phrasing and some minor grammatical errors (e.g., missing articles, incorrect verb tenses).",No commits found during hackathon period.
,,0,0,0,0,Error during evaluation: 'float' object has no attribute 'endswith',Error during evaluation: 'float' object has no attribute 'endswith',Error during evaluation: 'float' object has no attribute 'endswith'
,,0,0,0,0,Error during evaluation: 'float' object has no attribute 'endswith',Error during evaluation: 'float' object has no attribute 'endswith',Error during evaluation: 'float' object has no attribute 'endswith'
,,0,0,0,0,Error during evaluation: 'float' object has no attribute 'endswith',Error during evaluation: 'float' object has no attribute 'endswith',Error during evaluation: 'float' object has no attribute 'endswith'
,,0,0,0,0,Error during evaluation: 'float' object has no attribute 'endswith',Error during evaluation: 'float' object has no attribute 'endswith',Error during evaluation: 'float' object has no attribute 'endswith'
,,0,0,0,0,Error during evaluation: 'float' object has no attribute 'endswith',Error during evaluation: 'float' object has no attribute 'endswith',Error during evaluation: 'float' object has no attribute 'endswith'
DB0SZ1/Coreon-AI,https://github.com/DB0SZ1/Coreon-AI.git,3,0,1,4,"The README provides a basic overview of how to install the project, but it could be more detailed. It mentions that the project requires Python 3.8 or higher and lists the dependencies, which is a good start. However, it does not provide step-by-step installation instructions, leaving the reader to figure out the process on their own. Additionally, there is no mention of any prerequisites or specific installation commands. Overall, the README provides some useful information, but it could be improved by including more detailed installation instructions.",No quality assessment provided.,No commits found during hackathon period.
aliscie2/oDoc,https://github.com/aliscie2/oDoc,4,4,4,12,"The README provides a clear overview of the project, its features, and its technology stack. However, the installation instructions could be more detailed and step-by-step. The ""One-Command Setup"" section is a good start, but it assumes that the reader is familiar with the commands and tools required. Additionally, there is no clear explanation of how to set up the dependencies, such as Node.js, Yarn, Rust, and Cargo. The ""Prerequisites"" section lists the required tools, but it would be beneficial to have a more explicit installation guide.","The README is generally well-structured and easy to follow, with clear headings and concise sections. The use of formatting, such as bold text and hash symbols, helps to organize the content and draw attention to important information.","The project has a decent number of commits (16) during the hackathon period, which indicates some level of development activity. The recent commit messages suggest that the commits are meaningful, with refactoring, feature additions, and documentation updates. The consistency of development activity is good, with commits distributed fairly evenly throughout the hackathon period. While there are no extremely complex or ambitious commits, the overall quality of the commits is good, indicating a strong foundation for further development."
FLUX-APP-LAB/flux,https://github.com/FLUX-APP-LAB/flux,4,4,4,12,"The README provides a good overview of the project and its components, but the installation steps could be more detailed. The README mentions the project directory structure, the default configuration file, and provides links to online documentation for more information. It also provides some basic commands to get started, such as `dfx help` and `dfx deploy`. However, it would be beneficial to have a more step-by-step guide on how to set up and run the project, especially for users who are new to the Internet Computer development community. Additionally, the README assumes some prior knowledge of the DFX tool and the Motoko programming language, which may not be the case for all users. Overall, the README is well-structured and provides a good starting point for users, but could benefit from more detailed installation instructions.","The README file is generally clear and well-organized, making it easy to follow along. The use of headers and formatting is good, and the writer has done a good job of breaking down the content into manageable sections. The explanations of the project's structure and how to get started are clear and concise.","The project has a decent number of commits (10) during the hackathon period, indicating a reasonable level of development activity. The recent commit messages also suggest meaningful updates to various parts of the project, such as the UserManager, Content Moderation Manager, and Token, Emote, Analytics, and Notification Managers. While there may not be an extremely high level of activity, the commits appear to be focused on actual project development rather than minor changes."
,,0,0,0,0,Error during evaluation: 'float' object has no attribute 'endswith',Error during evaluation: 'float' object has no attribute 'endswith',Error during evaluation: 'float' object has no attribute 'endswith'
,,0,0,0,0,Error during evaluation: 'float' object has no attribute 'endswith',Error during evaluation: 'float' object has no attribute 'endswith',Error during evaluation: 'float' object has no attribute 'endswith'
Infoundr/infoundr-site,https://github.com/Infoundr/infoundr-site,4,4,4,12,"The README provides a clear and concise overview of the installation process. It lists the necessary prerequisites, such as Node.js, npm, and DFX, and provides step-by-step instructions for cloning the repository, setting up the local Internet Computer replica, running the setup script, and starting the development server. However, some sections, such as the ""Development Options"" section, could be more detailed and provide more explicit instructions. Additionally, while the project structure is briefly described, it would be helpful to provide more context about the role of each directory and file. Overall, the README provides a good foundation for getting started with the project, but could benefit from some additional details and clarity in certain areas.","The README file is generally clear and well-structured, making it easy to follow along with the installation and setup process. The use of headers and formatting is good, with clear separation between sections and concise descriptions.","The project has a decent number of commits (86) during the hackathon period, indicating some level of development activity. The recent commit messages suggest that the team is actively working on implementing new features, such as the startup invite form integration and error handling. However, the commit messages could be more descriptive and detailed, providing a better understanding of the changes made. The consistency of development activity is moderate, with a few days with multiple commits, but also some days with no commits. Overall, the project shows good development activity, but could improve by providing more detailed commit messages and maintaining a consistent pace throughout the hackathon."
muslimalfatih/collective-impact,https://github.com/muslimalfatih/collective-impact,3,4,1,8,"The README provides some basic information about the project, such as the problem it aims to solve, its features, and the technology stack. However, it lacks clear installation steps. The ""Development Setup"" section is more like a list of prerequisites and dependencies, but it does not provide a step-by-step guide on how to install and set up the project. The instructions for starting a local Internet Computer, building and deploying canisters, and generating canister type binding are scattered and unclear.","Overall, the README is well-structured and easy to follow. The use of clear headings and concise instructions makes it easy to navigate and understand the steps required to set up and start the project. The formatting is good, with clear separation between sections and code blocks.",No commits found during hackathon period.
luke-devel/signed-trade-frontend,https://github.com/luke-devel/signed-trade-frontend,3,0,1,4,"The README provides a basic overview of how to install the project, but could be more detailed. The installation steps are listed as ""Clone the repository"" and ""Run the script"", which is a good start. However, there is no mention of any dependencies or prerequisites, which could be confusing for users who are new to the project. Additionally, the installation process could be more clearly outlined with step-by-step instructions. Overall, while the README provides some basic information, it could be improved with more detail and clarity.",No quality assessment provided.,No commits found during hackathon period.
,,0,0,0,0,Error during evaluation: 'float' object has no attribute 'endswith',Error during evaluation: 'float' object has no attribute 'endswith',Error during evaluation: 'float' object has no attribute 'endswith'
,,0,0,0,0,Error during evaluation: 'float' object has no attribute 'endswith',Error during evaluation: 'float' object has no attribute 'endswith',Error during evaluation: 'float' object has no attribute 'endswith'
Kanha122/Revenue-Rescue,https://github.com/Kanha122/Revenue-Rescue.git,3,4,1,8,"The README provides a basic overview of how to run the project, but it lacks detailed step-by-step installation instructions. The reader is expected to clone the repository, install dependencies using `pip`, and run the `streamlit run` command. While this is sufficient for a basic understanding, a more comprehensive guide would be helpful, especially for less experienced users. Additionally, the README could benefit from a clear indication of any prerequisites or dependencies required for installation. Overall, the README provides some useful information, but could be improved by including more detailed installation instructions.","The README file is generally well-structured and easy to follow. The use of headers and formatting is excellent, making it easy to navigate and understand the different sections. The language is clear and concise, and the technical terms are explained well. However, there are a few minor issues that prevent me from giving it a perfect score.",No commits found during hackathon period.
,,0,0,0,0,Error during evaluation: 'float' object has no attribute 'endswith',Error during evaluation: 'float' object has no attribute 'endswith',Error during evaluation: 'float' object has no attribute 'endswith'
,,0,0,0,0,Error during evaluation: 'float' object has no attribute 'endswith',Error during evaluation: 'float' object has no attribute 'endswith',Error during evaluation: 'float' object has no attribute 'endswith'
doyler29/P2PFinance---Personal-Decentralized-Finance,https://github.com/doyler29/P2PFinance---Personal-Decentralized-Finance,1,4,3,8,"Unfortunately, this README file does not provide any installation steps or dependencies. The content is focused on providing an overview of the P2PFinance platform, its features, and its implementation on the Internet Computer (ICP). There is no mention of how to run, install, or set up the project. The file is more of a marketing document, providing information about the product's purpose, features, and roadmap. As a result, it does not meet the minimum requirements for a README file, and I would rate it as ""Very Poor"".","The README file is generally clear and well-organized, with a logical structure and flow. The use of headers and formatting is effective in breaking up the content into sections and making it easy to scan. The explanations are clear and concise, and the writing is professional.","The project has only 3 commits during the hackathon period, which is a relatively low number. While the commits are not frequent, the commit messages suggest that they are meaningful, with the last commit introducing a new feature (""Introducing P2PFinance Your Decentralized Financial Hub""). However, the consistency of development activity is lacking, as there are gaps in between commits. Overall, the commit activity is fair, but could be more active to demonstrate a stronger development pace."
,,0,0,0,0,Error during evaluation: 'float' object has no attribute 'endswith',Error during evaluation: 'float' object has no attribute 'endswith',Error during evaluation: 'float' object has no attribute 'endswith'
vporton/icp-package-manager,https://github.com/vporton/icp-package-manager,2,3,4,9,"The README file does not provide clear step-by-step installation instructions. It focuses more on explaining the concept and features of the ICP Package Manager rather than guiding the reader through the installation process. There are no explicit installation steps or dependencies listed, making it difficult for the user to understand how to install the package manager. The file does provide links to additional documentation, but these links do not contain installation instructions either. The reader is left with the assumption that they need to figure out how to install the package manager on their own.","The README file is generally understandable, but it could benefit from better organization and formatting. The content is scattered across multiple sections, making it difficult to follow at times. The use of headers and formatting is inconsistent, which affects the overall clarity of the document.","The project shows a decent level of activity during the hackathon period with a total of 182 commits. The commit messages are also informative, indicating that the team is actively developing the project. The recent commit messages suggest a focus on bug fixes, refactoring, and feature development, which is a positive sign. However, the quality of the commit messages could be improved by including more context or specific details about the changes made in each commit. Overall, the project shows good development activity, but could benefit from more consistent and detailed commit messages."
,,0,0,0,0,Error during evaluation: 'float' object has no attribute 'endswith',Error during evaluation: 'float' object has no attribute 'endswith',Error during evaluation: 'float' object has no attribute 'endswith'
ethicaldao/ethicalaidao,https://github.com/ethicaldao/ethicalaidao,4,4,1,9,"The README provides a clear step-by-step installation guide for setting up the Aragon App locally. The instructions are easy to follow, and all dependencies are listed. However, it would be beneficial to add more detail about the prerequisites, such as the required Node.js version or the installation of yarn. Additionally, the README assumes that the reader is familiar with the command line, which may not be the case for all users. Overall, the installation instructions are clear and sufficient, but could be improved with more details and assumptions.","The README file is generally well-structured and easy to follow, with clear section headings and concise descriptions. The formatting is good, and the use of links and code snippets is effective in providing additional information.",No commits found during hackathon period.
sardariuss/dsonance,https://github.com/sardariuss/dsonance,4,3,4,11,"The README provides a clear and concise installation guide with step-by-step instructions. It lists the necessary dependencies, including Node.js and the internet computer SDK, as well as mops. The instructions are easy to follow, and the README provides additional troubleshooting tips for the dfx deps deploy internet_identity step. However, the instructions could be more detailed, especially for users who are new to the project or the technologies involved. For example, the README assumes that users have a basic understanding of how to use npm and dfx commands. Additionally, the README could benefit from a brief overview of the project and its requirements, which would help new users get started more easily. Overall, the README is well-written and provides a good foundation for installation, but it could use some additional detail and context to make it even more helpful for new users.","The README file has some good qualities, such as using clear headings and providing relevant links to additional information. However, it falls short in terms of overall structure and clarity. The warning at the beginning is important, but it's not immediately clear what it's warning about or what the consequences are for violating the terms. The mission statement is a bit unclear and seems out of place in the README file.","The project has a decent number of commits (27) during the hackathon period, indicating a reasonable level of development activity. The recent commit messages suggest that the developer has been working on some meaningful tasks, such as improving the UI and fixing errors. While the quality of commit messages is generally good, there isn't any major red flag or indication of poor development practices. The commits seem to be spread out throughout the hackathon period, showing some consistency in development activity. Overall, the commit activity is good, but not exceptional, which is why I'm scoring it 4."
https://github.com/zk-game-dao,https://github.com/zk-game-dao,0,0,0,0,Error during evaluation: list index out of range,Error during evaluation: list index out of range,Error during evaluation: list index out of range
,,0,0,0,0,Error during evaluation: 'float' object has no attribute 'endswith',Error during evaluation: 'float' object has no attribute 'endswith',Error during evaluation: 'float' object has no attribute 'endswith'
ArnavLabh/GreenScan-Hack4Nature-Hackathon,https://github.com/ArnavLabh/GreenScan-Hack4Nature-Hackathon,4,4,1,9,"The README provides clear step-by-step installation instructions, which is excellent. The instructions are well-organized and easy to follow, starting from cloning the repository to running the application. The dependencies are also listed, which is a plus. One area for improvement is that the README could include a brief description of the requirements.txt file and what it contains. Additionally, it would be beneficial to provide some context about the virtual environment and its purpose. Overall, the README does an excellent job of providing installation instructions, but could benefit from some minor enhancements.","The README file is generally well-structured and easy to follow, with clear headings and concise explanations. The use of bold text and emojis adds a touch of professionalism and visual appeal. However, there are some minor issues that detract from the overall clarity and structure.",No commits found during hackathon period.
LintDAO/pricelint,https://github.com/LintDAO/pricelint,3,4,3,10,"The README provides a basic overview of how to run the project, but it lacks some detail. The installation steps are limited to starting the replica, deploying the canisters, and starting the frontend. However, there is no mention of any dependencies or prerequisites needed to run the project. Additionally, the README assumes that the reader is familiar with dfx and canister terminology. While the instructions are easy to follow, a more detailed guide would be helpful for new users.","The README file provides a good overview of the PriceLint project, including its goals, features, and technical architecture. The writing is generally clear, and the use of headers and formatting helps to organize the content. However, there are some minor issues with grammar and punctuation, as well as a few areas where the structure could be improved for better flow.","The project has a moderate number of commits (22) during the hackathon period, which is decent. However, the recent commit messages (last 5) reveal that most commits are focused on minor changes, such as improving README files or merging from upstream branches. While this suggests some activity, it does not necessarily indicate significant project development. The lack of meaningful commit messages (e.g., feature implementation, bug fixes) and the inconsistent development activity (e.g., some commits are about improving README, others are about merging branches) prevent me from giving a higher score. Overall, the project shows some signs of development, but it could be more active and focused on meaningful changes."
https://github.com/LotusWallet,https://github.com/LotusWallet,0,0,0,0,Error during evaluation: list index out of range,Error during evaluation: list index out of range,Error during evaluation: list index out of range
franRappazzini/PayPeer,https://github.com/franRappazzini/PayPeer,1,4,4,9,"Unfortunately, this README does not include any installation steps or instructions on how to run the project. The content focuses on providing an overview of the project's features, benefits, and technical details, but does not provide any guidance on setting up or deploying the project.","The README is generally well-organized and easy to follow, with a clear introduction to the project and its goals. The use of headers and formatting is good, making it easy to navigate the different sections. The language used is professional and technical, which is suitable for an expert audience.","The project has a decent number of commits (13) during the hackathon period, which indicates regular development activity. The commit messages are also quite informative, suggesting that the development team is making meaningful contributions to the project. While there might be room for improvement in terms of consistency, the quality of commits is generally good. Overall, the development activity appears to be good, but could be more consistent throughout the hackathon period."
