candidate_id,candidate_db_id,certificate_name,issuer
00107E8FDD3BE1A2B6D57564BE86F9E689BB7108CD697F0AA84BB1292365D6DB,2a8994fd-1aa0-5158-8b3b-aa7212209d3b,AutoCAD Certified User,Autodesk
00829F9A07FD6CC177909E49388232A93D1B76805643FA72E7E953ACF75CB9BE,34a47f6d-5cc7-5ef2-9127-00b404cd9702,Project Management Professional (PMP),PMI
00829F9A07FD6CC177909E49388232A93D1B76805643FA72E7E953ACF75CB9BE,34a47f6d-5cc7-5ef2-9127-00b404cd9702,Certified Public Accountant (CPA),ICPAR
0084CD3B6849D7140BF2CFD51B7B2C1B94EA0E647B5522A14E16A074AF5A822D,6bd0e39e-b819-5378-baa6-31cf4a887cf2,Teaching Methodology Certificate,Rwanda Education Board
01166394B9F622C39EAF3FAB6DC4CD9E868466448875708000B744B3116A0F69,e46746a7-e9cc-5ff5-ac45-302848608414,Certified Public Accountant (CPA),ICPAR
01F8089543CD43E7D1E2FD9E7BD2005AA2444B34B84D17CC321A1A3209329AA0,e1e1c6c7-57eb-55d3-9140-9e222abf0e06,Teaching Methodology Certificate,Rwanda Education Board
024C8D15AEC39E16823ECE2F746851FD032309948BFA848D37B8F2D6CFC91124,42c6e91e-dfc5-5fe3-ae93-f74291317bab,CompTIA IT Fundamentals,CompTIA
024C8D15AEC39E16823ECE2F746851FD032309948BFA848D37B8F2D6CFC91124,42c6e91e-dfc5-5fe3-ae93-f74291317bab,AWS Certified Cloud Practitioner,Amazon Web Services
02960332EAC79E7A0A6F3EDFC3A504EC5AF772A58D34ED65BA6FC12BCF8A112D,5c1c5124-88b1-56ad-9abb-cf998a3709dd,Teaching Methodology Certificate,Rwanda Education Board
02AE76B71545BA2EF36C7B531530AD19EE933E303651D132BE58D55A7987D9BE,d80e7af2-2423-5c47-9e22-b64afb796ab0,AutoCAD Certified User,Autodesk
02F4C54E074BCCD4F9361C945A9430CB39A6E9FA32F867038286A063FCD73329,158d361b-4fe8-5c54-b5c9-303c2307890e,Basic Life Support (BLS),Rwanda Red Cross
0335D2DDD665D1F91E71E21F89F2B142DB5B9CB112578E6EA4DA241E16A01AF7,61db6784-ae96-575b-88c5-15105050030b,AutoCAD Certified User,Autodesk
03E3CD88AFECDA58E329374C56D52649BEB85F424D8B3918BD66C1B1DBF19195,b1eac924-1fad-5254-91fb-634957ac90b4,Teaching Methodology Certificate,Rwanda Education Board
0470969887BFB57D94EBDA9137A6A1C9F73C0D08A32781A7CAB1A017481E71DC,72d14430-eea0-5e27-a7ce-a8cede407870,Basic Life Support (BLS),Rwanda Red Cross
04400A0256CC47993CF8F07CCF1783EC398C15627E4BB19235F5067B5FB1FBBA,3c415019-b342-57c9-beb1-6150f494ee05,AutoCAD Certified User,Autodesk
05513844045BAB1B9CC80228BE4AAB7C7360FB945E182516DFE4DC1ADD529602,8788cdc4-dbae-5349-9d75-66835cf16a17,Basic Life Support (BLS),Rwanda Red Cross
04802CCABF98A94CFE976821A72DE991E659A05CFBB51F044486EE3969F46B72,1bb0dd66-2fec-533f-9fc7-9c9dffb67e83,Teaching Methodology Certificate,Rwanda Education Board
04C4CF8A61F43A3111D69A0EEBF6D677D3AFF004020151C27A9451C54FD87BF1,5f4feab3-4390-5a33-931d-3f2ae4e3cff5,Certified Public Accountant (CPA),ICPAR
04C4CF8A61F43A3111D69A0EEBF6D677D3AFF004020151C27A9451C54FD87BF1,5f4feab3-4390-5a33-931d-3f2ae4e3cff5,Project Management Professional (PMP),PMI
0627B46F36C22B38A9551B0E336B72A2D64D7E34B3673AFA8B5B8E14AAE04398,b823236f-29b3-53e9-be58-e8412a958cbc,AutoCAD Certified User,Autodesk
066642335CD8124E873032BF0579B39FFB7992264D4648A8423C903F3A8C029E,9c1602b0-fa6d-5897-b2fd-1453b9a658da,Certified Public Accountant (CPA),ICPAR
071080BF62A383367C058AB5E8303DB0E1030517871451DD4FA80C7CDA4CF417,616e3673-5a6b-5217-8989-fefa455de460,CompTIA IT Fundamentals,CompTIA
071080BF62A383367C058AB5E8303DB0E1030517871451DD4FA80C7CDA4CF417,616e3673-5a6b-5217-8989-fefa455de460,AWS Certified Cloud Practitioner,Amazon Web Services
071ED161BB8BF84845846ACD415CEBB59C55202299200444BD616DE824735789,a14cc9c3-52d0-5aac-a4b1-68d5a12acb93,Teaching Methodology Certificate,Rwanda Education Board
069E67A3CCDF7D47D59FBD5977A30D729A37E1B53C70E556224AB6B2D764DD71,4db0e1d7-ae2f-5106-a813-693a45019861,Certified Public Accountant (CPA),ICPAR
069E67A3CCDF7D47D59FBD5977A30D729A37E1B53C70E556224AB6B2D764DD71,4db0e1d7-ae2f-5106-a813-693a45019861,Project Management Professional (PMP),PMI
07BBF47C1B27B7D0AB73BA61EC2FC6DF1198953E7189376639D0A8F52E0AE590,63ed151b-e766-58f8-91d5-7b04207c32a4,Teaching Methodology Certificate,Rwanda Education Board
082B171D9F5825DF7F11A229D0BAB598DBB6443407E4F63466FF582B5E4BAF71,23a3b3c0-6e71-5262-a817-e8472e0e587b,Teaching Methodology Certificate,Rwanda Education Board
08B12817BD64FE294E24FED66AAD23AB64D77E79EA8EE5D87AE63ABD103698FE,1a0183a8-2934-5c7f-aa1b-a1a6a5f70e72,CompTIA IT Fundamentals,CompTIA
095FF8BE72B48D5B16C2DD89521FF3613B9688EFCC6F14B49CF9E7765CE218D1,7bc2e669-cec9-57e4-af79-da845650ce04,AutoCAD Certified User,Autodesk
0833A640DC3D4B7384F410BB3BBA8A9043BB33EB286EB6355986DCCE7CCEAC67,12300354-ab86-5059-bfeb-0d9e35e163b3,Certified Public Accountant (CPA),ICPAR
0910476D9C556B9ABD3581CF3EB289849D78C8D5D71510EA297C05221DF5FE56,ca343d2d-36a1-5d06-8df9-deba05590ad5,Teaching Methodology Certificate,Rwanda Education Board
0A0AD24939341EE4DB3A29D59FCCE7E35046B53948C68C8E926AE5EECB350EF1,90157705-35cf-5605-a4f4-f46b8831311f,Basic Life Support (BLS),Rwanda Red Cross
0957DA629168F5CFC437D6251733F6062BE2889FC0BF542C82D65F5A0A80C626,a5c730a1-cddb-52e6-be44-8c238c612911,Project Management Professional (PMP),PMI
0957DA629168F5CFC437D6251733F6062BE2889FC0BF542C82D65F5A0A80C626,a5c730a1-cddb-52e6-be44-8c238c612911,Certified Public Accountant (CPA),ICPAR
0980AA35D849C684FE25CC8F56B11400091777731E8734258C176A115D641B05,9c34c87e-3a1c-5105-ac70-0ce8452ad50e,Teaching Methodology Certificate,Rwanda Education Board
0ABE8B788EC0EB8F58E77396266CC47CF0BF4DB3D7CC4386A855E590A41899DF,36497659-34cc-5b99-a446-e33b1b207ead,Teaching Methodology Certificate,Rwanda Education Board
0A9913E15A77DFCA392E32B1417E5B02783671E4719546240F8621B6871B3D31,488d3705-1af8-5360-abb8-195e9c97ce36,AutoCAD Certified User,Autodesk
0C11EF0D67191F53A92359BC35DDFF3132C77239B6FCCBA741694F1E400917DC,ea8d8856-aa04-58b3-b6f6-b027ca9ef761,Teaching Methodology Certificate,Rwanda Education Board
0D6A16BBA1E4A452C67717600ECF424A7AD6DBD5BE14F1231310891C793FF12C,8220223e-ea8b-556b-81ec-81c0f713f9eb,Basic Life Support (BLS),Rwanda Red Cross
0D46F202B4FA277375DD40129C13B95A90C0BDB8A555AC6E15BA8A9ACC75FEEF,db659e3f-cb3b-5086-9833-275a44afb54a,Teaching Methodology Certificate,Rwanda Education Board
0DE87D7C0CE750A6762847F63C0E105FF18298BB8871FDE04E5D9697E0D4B25C,06ec1359-a9df-566a-85f4-90eb03710841,Basic Life Support (BLS),Rwanda Red Cross
0DA3D380F04AF123FD230A92F3DDC9D159B55FF41B17A4C02309177B34FDA447,a530fac1-cb9d-5ed4-a5a6-12d9c723378f,Basic Life Support (BLS),Rwanda Red Cross
0DD882E032FCE8FB337233B3E910947065F70CE476FE60647110DFCF4F03F29C,afec672e-1232-5a31-a3a3-4e48a9642f08,Certified Public Accountant (CPA),ICPAR
0DD882E032FCE8FB337233B3E910947065F70CE476FE60647110DFCF4F03F29C,afec672e-1232-5a31-a3a3-4e48a9642f08,Project Management Professional (PMP),PMI
0E21A3A5EE1B4418DA055C9CB6C926BB6A6C1E344AAB81854699DFA22771326A,4f2850a0-7d97-5620-b75e-b150ba2daef4,Certified Public Accountant (CPA),ICPAR
11A2AC63BFBB6417DA50DC9CB8323585CD9A11BA6CF4982B17FA2A8E4632DCA7,9b74b327-f1e2-51e8-a1d3-d45fe32b23a7,Basic Life Support (BLS),Rwanda Red Cross
11338FDEF18324DD4E9503E77242925A27B9401DD0E1250C2D4C7164402CC57F,5d149b87-4454-5b94-8666-63a1c16f68c1,Teaching Methodology Certificate,Rwanda Education Board
123FFAAF61366D466C44CA2A8DCA23B1BDF28D56999EC52B4AA3144436E783D1,2031ef69-5632-5cde-89ae-e7d604433e6f,Certified Public Accountant (CPA),ICPAR
123FFAAF61366D466C44CA2A8DCA23B1BDF28D56999EC52B4AA3144436E783D1,2031ef69-5632-5cde-89ae-e7d604433e6f,Project Management Professional (PMP),PMI
0FE28510BC85E23B64C684DFEB7A06C78B9D383D60F46615EDDC72D1FCBAAD2A,f9f25289-1edb-5efe-8586-79f181e0c16e,Teaching Methodology Certificate,Rwanda Education Board
116537C58FAD638D4DE9E8664B9379B5338343ACD1D8A2DB4C245A3EDCC75B60,3a0483ed-c766-52d1-9a6e-26a4260edaa8,Teaching Methodology Certificate,Rwanda Education Board
1285E158D77EE3E206ECAE18A79F1C9FE69E229CD075CD7F6FCBBBFFF3D8B699,0fca7db0-bc0b-5b0a-9f4b-53dbf1006f26,Teaching Methodology Certificate,Rwanda Education Board
124DB9965F8BF56152384A854D46561C12AA444BBE856DAA2A0EB3ED04A86428,3225651e-8997-50eb-9fd8-0ae41d601e89,Certified Public Accountant (CPA),ICPAR
124DB9965F8BF56152384A854D46561C12AA444BBE856DAA2A0EB3ED04A86428,3225651e-8997-50eb-9fd8-0ae41d601e89,Project Management Professional (PMP),PMI
1378F864EBD979A406428848270B6994A6F741EC144A8F4ACF4A9561947317C0,c44922dd-f2d9-5568-92c8-50928093378b,Project Management Professional (PMP),PMI
1378F864EBD979A406428848270B6994A6F741EC144A8F4ACF4A9561947317C0,c44922dd-f2d9-5568-92c8-50928093378b,Certified Public Accountant (CPA),ICPAR
12AFB7C776A97A4A8AEE8348FB8164F5721BC6FEE65DB4D9A2FFF5B8094192C1,25f36d47-aaaa-5b55-b0b0-47bb9f25a7c4,Certified Public Accountant (CPA),ICPAR
13493932639581B4EB3C95F4814BDE487E416277E604F94F4FE0C73404393567,2a6ba3c7-3f5b-5048-b1c9-a0109beccf93,Teaching Methodology Certificate,Rwanda Education Board
113768CF96F7135722091B52F2686EA2E62778BC6A0D5104ED34BD321C3F7575,46a06951-cad5-5bbc-8a74-bc128c97c458,AutoCAD Certified User,Autodesk
13E0790ECEECC6D9DBADA291472046BD238B31CD02B2F040BCF7E33F0974133D,e6e99609-801c-5d05-9477-3cd79f7cdbaf,Teaching Methodology Certificate,Rwanda Education Board
11E5F47F730F39C9015BE293F70D0DA6508E1D98E6AC0CF21B182DF425A5CCE7,0f0f1d3b-c0f7-5a41-9086-27e6ca6039ed,Basic Life Support (BLS),Rwanda Red Cross
156579C5FCE55942F5FDF5834115EE6CB714C98EC7AAD782F4CEFA46D268A80A,c2213a3d-7c1f-5c23-80d3-680fde5e2a5f,Project Management Professional (PMP),PMI
156579C5FCE55942F5FDF5834115EE6CB714C98EC7AAD782F4CEFA46D268A80A,c2213a3d-7c1f-5c23-80d3-680fde5e2a5f,Certified Public Accountant (CPA),ICPAR
14A73BBD7762EA4B499D237B573F4D01A2D5A0D38FAE247FD02829F536462662,2c31ec74-7c72-5463-a90c-c97409095a56,AutoCAD Certified User,Autodesk
14C4135F8874FC2043DDC513FAE7B956978849F049A39A0ACE49435AD79B692F,36ee8ddf-eb27-524f-8967-ec2373ea6fd3,Project Management Professional (PMP),PMI
14C4135F8874FC2043DDC513FAE7B956978849F049A39A0ACE49435AD79B692F,36ee8ddf-eb27-524f-8967-ec2373ea6fd3,Certified Public Accountant (CPA),ICPAR
16330C0A130EB2E93FF1B3CD7031B5EBEB5D3EB7665B71C69E3E6BB742E37831,b6edb247-d0a1-515c-a69c-a99e6c1247ac,AutoCAD Certified User,Autodesk
169D7B7BF2EF6557F97E1F8253D331607F999920C8C4E1FC3080EB7F6E9BD613,a3f8d286-b03e-5d61-91b1-f84e80ab5af5,Certified Public Accountant (CPA),ICPAR
147DA041FD6428E37B211DA2903211D217DE274F5A757D652C5E0113295724BD,d687cdae-2fdb-5ad8-8cfc-211a4ecc5dcd,Teaching Methodology Certificate,Rwanda Education Board
17EF8F916090EE02CDE274A0416B7CDFC1CAB32127EA94702025C259F5461851,e6e07908-1b5b-558c-b84f-31a57eec681a,Project Management Professional (PMP),PMI
17EF8F916090EE02CDE274A0416B7CDFC1CAB32127EA94702025C259F5461851,e6e07908-1b5b-558c-b84f-31a57eec681a,Certified Public Accountant (CPA),ICPAR
17BE3A04D89DF2642D4FBF25B69C4C62363DA6E5EB260368F416D3352B52922E,fd2ddb7f-42c2-540b-8b5f-7c7019f068d8,Teaching Methodology Certificate,Rwanda Education Board
1810D8D6EF387F720BB29CB09887073D46D6E077EF2F6EA8A87F679D382D8A4A,0498743c-8a7e-5bb2-b4fc-0584add2ef3c,Teaching Methodology Certificate,Rwanda Education Board
18FBB9079281111B760C20C096263631E58AB6367DA524BC844539BF4706B015,7986afd2-b9e1-5266-a4a4-4251c1f841b7,Project Management Professional (PMP),PMI
1A7C101C751031EE1D8E8089435B7DB60AABC3F561EAC8DB6122C289E1381CEB,4bbe38f1-fcef-5099-ad19-43be94d93833,Project Management Professional (PMP),PMI
1952893D21158E77FC889A35A67D3B355FDD172744AC0168A83C54CF5871804E,c199d9c9-d3a8-5506-9227-38635a7b59d3,AutoCAD Certified User,Autodesk
1883E00D1405431382924B8E59BD9DB8B2A9A6E824316B16C14198113FD7E572,020de831-1f11-55e4-b745-1c9debfcd06e,Teaching Methodology Certificate,Rwanda Education Board
18FA2BB3B317E8A70A4FB8E4109C1A5173ED65243DC4144564BD1C9044F07FF7,544ade36-aefc-5ea4-acfb-c3b620f6b6a5,Certified Public Accountant (CPA),ICPAR
18FA2BB3B317E8A70A4FB8E4109C1A5173ED65243DC4144564BD1C9044F07FF7,544ade36-aefc-5ea4-acfb-c3b620f6b6a5,Project Management Professional (PMP),PMI
1AD06C1C80A501937AE75F43E52400AED281B233D97802453AA952D939ADA641,7652acb8-348a-57ed-a43d-9d84f8ca27e8,Teaching Methodology Certificate,Rwanda Education Board
1C063C84E1885DC88905A0D6DA6D6FA6166E84FE6ABC09CB34DE6E5CEE457629,5a9bc987-1eb0-5a90-a8f2-6ccde3b5967e,Teaching Methodology Certificate,Rwanda Education Board
1B6703EC9748E9933AAB4708BBC0EC0E17848578EB41F10E58650FE74BC3419C,2eace1ca-608a-5599-9680-2ec533df01f6,AWS Certified Cloud Practitioner,Amazon Web Services
1B4F8F7807D9F07BAE9AE4293E5DED38E00141A9BA18B3E3333406C9DCC90B27,7e28dbec-6181-58b0-aa8e-7ba56c10dc01,Project Management Professional (PMP),PMI
1B4F8F7807D9F07BAE9AE4293E5DED38E00141A9BA18B3E3333406C9DCC90B27,7e28dbec-6181-58b0-aa8e-7ba56c10dc01,Certified Public Accountant (CPA),ICPAR
1B798A3720D2324A5EA01406CE7045C08176FE6CD7C23DEF2DCC7E7E8F3C070F,fc168e4b-2a9c-5577-8de7-1ab5dca9d23f,Project Management Professional (PMP),PMI
19F3654FD488753ED911B68F6F0413B10C335CD9B15179EF003C6B0F25DD54FF,61ce724b-2666-5248-9525-437df8c9daf2,Teaching Methodology Certificate,Rwanda Education Board
1D4DE27CCFC70D6609B5CE76F8E1DF600A7B06966EF54EB208CBDE68D8D12757,64b53473-065a-5157-b852-96c2da096fa6,Certified Public Accountant (CPA),ICPAR
1D4DE27CCFC70D6609B5CE76F8E1DF600A7B06966EF54EB208CBDE68D8D12757,64b53473-065a-5157-b852-96c2da096fa6,Project Management Professional (PMP),PMI
1BE435B87CADA4063B73C8AB1B3DE31169D5764EB24BB04A410BDD507857668B,ada94f33-a905-5b3d-ac1c-ffbd54d4de98,Project Management Professional (PMP),PMI
1A0D5EEC60C0A45B281A1B52FE58652E9C98B31FB88857A590161907A70B73D0,43c1c159-4a49-5872-8510-12d097d9c779,Certified Public Accountant (CPA),ICPAR
1A0D5EEC60C0A45B281A1B52FE58652E9C98B31FB88857A590161907A70B73D0,43c1c159-4a49-5872-8510-12d097d9c779,Project Management Professional (PMP),PMI
1D744177C53597B123E0AB11196B9712C4E59D21B8F03DFAD96D41C31CD4F4DE,3bb73e14-1bff-5f6c-b434-19e65b0df0c7,Certified Public Accountant (CPA),ICPAR
1C4F4D05394CDD3CC5F27C23A77CD0E242B004B838ED797046EC2B8A030F9187,b374fa7b-1513-5297-b6ea-8f76d84ecaf9,Project Management Professional (PMP),PMI
1C4F4D05394CDD3CC5F27C23A77CD0E242B004B838ED797046EC2B8A030F9187,b374fa7b-1513-5297-b6ea-8f76d84ecaf9,Certified Public Accountant (CPA),ICPAR
1A456FF2714EA5E17F181B91AE491368D3C318056CD347700FFB985E5A43C552,d85b8cb2-8a2d-5032-be82-9dc279d98a5f,Project Management Professional (PMP),PMI
1A456FF2714EA5E17F181B91AE491368D3C318056CD347700FFB985E5A43C552,d85b8cb2-8a2d-5032-be82-9dc279d98a5f,Certified Public Accountant (CPA),ICPAR
1B80B778C06F50A956B0D0199CDD913A54EB4A28E5B1AB3FA971C59D80A80675,c6fc7661-98b0-5096-9929-aac33f160c6a,AutoCAD Certified User,Autodesk
1E629639E9A0CC6B6F8C2952DE157B7FF306B9F2ED54A7B574DDBAEA80922567,1a9ac0e9-07cb-5a95-a603-878d31ebaf92,Teaching Methodology Certificate,Rwanda Education Board
1FFCFC0CF1B5428D34B032901E3ACFEB0FC763AA70214EB496CECAD301D85DED,257e6053-ddfc-5d81-a607-0b09f39c8f4d,Teaching Methodology Certificate,Rwanda Education Board
1C7A98D4DEFACC56342F88D12D9B98CB577338F116DEA58314C00FB24AE14F19,e8999b93-8e31-5307-aa2a-ec5a9db848b4,Certified Public Accountant (CPA),ICPAR
1C7A98D4DEFACC56342F88D12D9B98CB577338F116DEA58314C00FB24AE14F19,e8999b93-8e31-5307-aa2a-ec5a9db848b4,Project Management Professional (PMP),PMI
1F164F00C6EAAC4B0E4238A22F6BA18959EDFF0D332AC3CECE665B736CAE1FDE,122ef7b9-00e8-596d-ab7f-ce13af215a42,Project Management Professional (PMP),PMI
1F164F00C6EAAC4B0E4238A22F6BA18959EDFF0D332AC3CECE665B736CAE1FDE,122ef7b9-00e8-596d-ab7f-ce13af215a42,Certified Public Accountant (CPA),ICPAR
1F718BF9474DE9C58CA85249FFCFB0197C423F4037F01972102A205E20468D09,3f81734d-5897-5d85-9ae0-021b6e0399b4,AWS Certified Cloud Practitioner,Amazon Web Services
20D7A22AE2D10CB844E8ADE3F43A6D99D021A954E724BE7EDD1D517AE16AC325,975d015f-62ae-51c6-942a-606620b69b06,Teaching Methodology Certificate,Rwanda Education Board
1E0B3D2F318125687D87375303D9320DED5C5B8D8479433841614E79F95552F3,0841cf84-788b-5e21-9f3d-dbc0f512422c,Certified Public Accountant (CPA),ICPAR
1E0B3D2F318125687D87375303D9320DED5C5B8D8479433841614E79F95552F3,0841cf84-788b-5e21-9f3d-dbc0f512422c,Project Management Professional (PMP),PMI
219F2BABA95AD0F890C82AF596D473FE867BB6A9F5C41190F22382BB1322FBDE,7fd56a42-6c8f-50e8-b6c0-1fecd61324c4,AutoCAD Certified User,Autodesk
21EE45A40287BE0548C0336B9BE1EF3FD88E7FDD5A960F22082C0AE8E2F8E099,e4d01b94-c9a3-5d74-8f4b-e586eef1e20f,AutoCAD Certified User,Autodesk
232912A5EE2B19C09969FD08920EFE845FD498A8FB78B8CAA66037871FDE1D21,746abc66-5fe3-5f5e-b191-8bc72819033d,Teaching Methodology Certificate,Rwanda Education Board
20682D7FBD8A87889CA758C0A4DF8745CAB824A1FFC60743A70E55AD1E3EC23D,a9ca6880-2ad5-57fc-ade6-62c9f76f0c91,Teaching Methodology Certificate,Rwanda Education Board
23E576A689093759D395FBDDEB1564CA04F0B939161E9DBF9B5E7AEA7D2D2FDE,539258dc-f5dd-56cf-9520-bb38ff7d90e6,Basic Life Support (BLS),Rwanda Red Cross
25930FD8F17D85B5935BB46C7B98EB0B44D6CA2E3DEC371B8476670CEFDBC8FA,6103eaf0-a91e-5e59-9689-b9bcce694823,Teaching Methodology Certificate,Rwanda Education Board
215E43E84FA1B36133A1B5046D6C18B6784E4CB883BDAA4C58ECB34F57E94C6A,cb133ec9-d5fc-5159-a9cc-9baf1c748f97,Teaching Methodology Certificate,Rwanda Education Board
26108731CB924816580F301E9228F21E8A0750CFCA7A1C3686C7D06213EF7B75,b97244a2-f5a3-5aa7-879f-25b4623a1e40,Certified Public Accountant (CPA),ICPAR
2520AC75B6BD6A5811AE89F81395DB8F7D1A2155198A93027680ECDDC7E1D307,2077db42-4dff-5e59-ac17-f7afe1114934,Teaching Methodology Certificate,Rwanda Education Board
227A3BAC2C5BFBDEC49C986CD7520F5DB914C83ED4D22018389D619CD8BD8A2B,71773cc3-68fb-5272-bf01-d00f5c44c83e,Teaching Methodology Certificate,Rwanda Education Board
275784657C3198016D25252F368118273FDC5B7A4B64059BEAD76B9E268F0D3D,e478ff5c-515e-5446-89cf-9dc96eeb3988,AutoCAD Certified User,Autodesk
27265EC025E284189803E502FB0EAACA31817CCE5B889E95F37CD48BFC4D9E6E,267e221f-d5d5-5c98-b26a-cbab44818a10,Certified Public Accountant (CPA),ICPAR
279878AA84A49B29B3AA6F198ECDC6D1D763A1BAB82C9DB91BE6741284691CDB,796ea8cb-f403-5ab4-ab79-4a4dcd1f0599,Basic Life Support (BLS),Rwanda Red Cross
27AFAE8DF959A841079C4B450B85E8688128A15A970CC024DCF8EB6350FE6CB8,a37cf4df-e8a2-5000-be3a-98cbac85a153,Teaching Methodology Certificate,Rwanda Education Board
27D6EB8E6A8005ED075797A431098DAD799392959CB9FEF02C3BE30776349C94,51b9aa16-8d47-5ad1-b768-5c7a98f89c7d,Teaching Methodology Certificate,Rwanda Education Board
27DE67B7F82CF5687D18C17E1240B13D68336494B96E86F484FDD95B9EFC3F77,3f294a92-4a91-5391-8653-963f568f71e5,Certified Public Accountant (CPA),ICPAR
28680E72FA067DDF21853002960AF47F2A1D2C510BA34BF4673C0D02A3B59E70,d46be73c-931d-5263-8780-5ece7404d055,Teaching Methodology Certificate,Rwanda Education Board
27F7A62F84BE7A17E964B4F6628FB83A65A8F9C00A4E0CB56B893B3C2A79D013,f1fb7d59-68fe-5f09-b2de-578b531b3fc4,Certified Public Accountant (CPA),ICPAR
287BF995F95EFE8D7BAFF966C53E587C15B5BFFBB47A4250492927E5D44CA116,5f2a7d8a-de8c-5f67-847a-d100eef0a36b,Certified Public Accountant (CPA),ICPAR
28779F969C37B05AE000312DEE8FF80CBBBA0181EB87DA2B3F7944CBA2972F12,b6d83aca-8005-5704-a707-35699517babb,Certified Public Accountant (CPA),ICPAR
28779F969C37B05AE000312DEE8FF80CBBBA0181EB87DA2B3F7944CBA2972F12,b6d83aca-8005-5704-a707-35699517babb,Project Management Professional (PMP),PMI
28CAB62615E833CBA3F15F3AA0EA9AA790940F23C345DCC440D983B277DAEA56,f855ca58-c4a6-5d87-b6f2-4bbc39204495,Teaching Methodology Certificate,Rwanda Education Board
28DE71C3E9C10DBC2D43A062B318454D89BDEAB55BFFF99EA723E36665211CCF,f6ce7128-bab7-5b74-b901-a8e4294c2d5e,Teaching Methodology Certificate,Rwanda Education Board
28DBC32833F4DDBEFCB77F14A96CCA3DFF462C08EB2A5EE96FD04271E6D05285,a0261c0c-5320-589f-9b07-af6a4dc8f9c8,Teaching Methodology Certificate,Rwanda Education Board
2A0EECCD19B79BE25E6202812AE5D33F473B41B903B4DC58B69A6FDB7DB6DB7B,438c7192-3636-50f8-a233-9fe92815e05e,Project Management Professional (PMP),PMI
2AD2929B35ABE4610F21B5454ADB288F9C88DC6FD15FA2E5114DD8554016E3C8,205aa6cd-0fd6-56f3-9b46-bcf59125c864,Project Management Professional (PMP),PMI
2AD2929B35ABE4610F21B5454ADB288F9C88DC6FD15FA2E5114DD8554016E3C8,205aa6cd-0fd6-56f3-9b46-bcf59125c864,Certified Public Accountant (CPA),ICPAR
27AF0BA46ADD75DF7C35DF24C825D88D872E5D012336912C6C4A270E849500B6,d88806c0-e37f-56f5-9181-cf111f4496a7,Certified Public Accountant (CPA),ICPAR
27F60486B5340AA12DC99BD38B43C1D08D168E53A7DAC34AF50DD4A0DAF32C3D,6f73d0a6-0efe-570f-96f0-5ad3e967f0c9,Project Management Professional (PMP),PMI
27F60486B5340AA12DC99BD38B43C1D08D168E53A7DAC34AF50DD4A0DAF32C3D,6f73d0a6-0efe-570f-96f0-5ad3e967f0c9,Certified Public Accountant (CPA),ICPAR
2C2ACF580F5417651D0CFBF311094A17248E79DCFF6BD9540877FE1C00CCCE85,4d07d58a-9a63-5c64-bf67-391e9443526c,Certified Public Accountant (CPA),ICPAR
2BB1260A3C853BF2C2D73993AA94177F7A9DCAEE1F6C9E0274FF101421863F7E,a80a34d0-181e-5c8a-a810-26de61969e22,Certified Public Accountant (CPA),ICPAR
2BB1260A3C853BF2C2D73993AA94177F7A9DCAEE1F6C9E0274FF101421863F7E,a80a34d0-181e-5c8a-a810-26de61969e22,Project Management Professional (PMP),PMI
285B56B5370D4A2299E4286A222E4C4A61FD3E449B6555098862B01D23E742E2,89e40c62-60f8-54ce-b446-8509777e7bc8,Basic Life Support (BLS),Rwanda Red Cross
2DB3F6D55D1DA7B1C6CC4E51E79CA006E57BBAEB32FD839F2B4F0EEFBC9B68BB,caf077b8-9a64-5f23-9293-30344760e612,Teaching Methodology Certificate,Rwanda Education Board
2D720DD337C2B6E478131FCF680A8665232075175B1AC59705149550F982CFDD,628289e9-a217-553c-ac3f-82ca88786e22,Teaching Methodology Certificate,Rwanda Education Board
2DB5C1E15F5017772EE0B07FCD1EF60F507331ED14DC56C05F448DE3C372B58C,8a56a852-5694-58cd-8c9e-13b62c83e9d0,AWS Certified Cloud Practitioner,Amazon Web Services
2DB5C1E15F5017772EE0B07FCD1EF60F507331ED14DC56C05F448DE3C372B58C,8a56a852-5694-58cd-8c9e-13b62c83e9d0,CompTIA IT Fundamentals,CompTIA
2E2649632380CA6A6610EF17C16225B948EB0E25AC41E69B2345D4734256427E,2332c4fc-a20e-5e36-bf71-5d1203655205,Project Management Professional (PMP),PMI
2E2C8B607480A5A4BCE47EC62A63C85D760534840DD59DDFACE0D3497CE0EA06,aa5f3202-9d0c-55a8-93ee-35b8b84e98db,Teaching Methodology Certificate,Rwanda Education Board
29F803E787B630D9663C40A99FCCBA5F26AD4BFFF31FE474DCCE02755E0C9D11,3294cab3-7b7f-5a5f-bab9-7e11b4b034b4,Teaching Methodology Certificate,Rwanda Education Board
2F0BF558D4BBBE9361ABE24E22271147FB3643CDB02E88DACAC18164A1E1B9B3,57a048e1-2da0-5a33-9f49-8da1cac949d4,Project Management Professional (PMP),PMI
2F0BF558D4BBBE9361ABE24E22271147FB3643CDB02E88DACAC18164A1E1B9B3,57a048e1-2da0-5a33-9f49-8da1cac949d4,Certified Public Accountant (CPA),ICPAR
2F3C0D219706D0DB4C310AF80A444ECEACD52A2487A07D93712C62643398EC52,93880896-2989-5339-aea9-97053bb71636,Certified Public Accountant (CPA),ICPAR
2ED34D6980BFF294B9C6E0F745119C0102BAC46B22EF74E1E8FDA92406CED262,bf99079d-9175-547d-942b-28936642fe70,Teaching Methodology Certificate,Rwanda Education Board
2AC607CC9953677F7C1E49606026EF8D9EEADFBB40C0F5974A3AD01B2E48CC99,4f92286c-80ae-5fb1-ac40-5d3b725b7752,Project Management Professional (PMP),PMI
2AC607CC9953677F7C1E49606026EF8D9EEADFBB40C0F5974A3AD01B2E48CC99,4f92286c-80ae-5fb1-ac40-5d3b725b7752,Certified Public Accountant (CPA),ICPAR
2F2B06CD4260309F6609DEFD99CE06814D4FEDFD06493E7253A190162AD051A2,ef1615aa-96b0-5fa8-a4a8-f128e0e43e10,Certified Public Accountant (CPA),ICPAR
2FAD39182414F3FE6294EB8FC48630D020C2810DEFBEC255882E0B74EE3D8C07,2dd4f6a7-39bc-50fa-888e-4167fbed8d68,AutoCAD Certified User,Autodesk
30ABEB06BC27542D7EE4A27DA3DAEF9FB2FD83C958EBD4E88A5A0381CE39D2B0,15c332ab-89a0-578c-89b7-9b0d779602dc,Project Management Professional (PMP),PMI
3044152754F13683238C9F00193C3BCE9207000578CCF18F7DC1E8DDA6FA6440,e74953fb-477a-55d2-9e58-3bb2c0ca1a64,Teaching Methodology Certificate,Rwanda Education Board
2BCA91B1ACA18845B90A57066B031752172D1C52DBA62D5FA24F1415C3C989C8,ee7c67c1-2a72-5937-83e0-dfaec4ce8264,Project Management Professional (PMP),PMI
2BCA91B1ACA18845B90A57066B031752172D1C52DBA62D5FA24F1415C3C989C8,ee7c67c1-2a72-5937-83e0-dfaec4ce8264,Certified Public Accountant (CPA),ICPAR
31AF483E6E2983D22F4E3C157978C6ECD763CDDDF24D632A909F5FF87D78C99A,d0c9774b-ab5f-531a-8212-01e3517a027f,Teaching Methodology Certificate,Rwanda Education Board
33F1DF84105CD367B542377D15CA5531E41DDD7897F877C747A10F07606B9581,cbcebf96-b37d-5596-8974-623d563b8d48,Project Management Professional (PMP),PMI
333D6624A8047A57B85721EA7B673997E729CD64753EAFCD203FED1E20727C17,8629798a-e7cd-56aa-bee6-0fe4e85318f2,Project Management Professional (PMP),PMI
34170BC03B37E81375A6B58708404037CB7977880F65EF6915621069869A4D0D,7ad48598-a9e5-538a-9827-f8f640a927ad,AutoCAD Certified User,Autodesk
337C105532F0B2791C52B63AE55105208BCA7743BE926869368308E8D940807C,23485a83-6aa4-5615-bd67-837d99e94f4d,Project Management Professional (PMP),PMI
301E5C4168841526634A03AE73750EBDFB025E1F5B021A57F7B604FC42953E40,755a4648-d03d-5690-a0d9-f5aa9e5558d8,Basic Life Support (BLS),Rwanda Red Cross
33E2FE183F739E493F6327100E4D8DB51EC33D409A5C035C6F55A4C59886949C,d928f3cf-c66d-5667-8b29-7c8669b849d1,Teaching Methodology Certificate,Rwanda Education Board
36ACEAD55AEA6E703ADF1609E9ACEDDEAE17D3AF8E21E464DE24FBA7D5983FBE,4c7f4619-28a9-5f16-be97-d5a11185c7af,AWS Certified Cloud Practitioner,Amazon Web Services
36ACEAD55AEA6E703ADF1609E9ACEDDEAE17D3AF8E21E464DE24FBA7D5983FBE,4c7f4619-28a9-5f16-be97-d5a11185c7af,CompTIA IT Fundamentals,CompTIA
3705549B6B17CB71147087BB4DB8F5AA6946E735A4E8E35A9BA1D91DE255F59C,7c22e299-97b4-51b7-88cc-d2932a332fb7,Project Management Professional (PMP),PMI
34C714E58F028BE1BAB44FF119651F0BDBB24C899FED703C680981FDFB88E007,adf46ba4-2fc4-5b0b-8554-55d13f009713,AutoCAD Certified User,Autodesk
34EDD958B8C11DEDF5D134BEE0AEC75FB497729855174306DF92E0173365B13D,daac043b-42a8-5cc2-8461-7923368d5564,AutoCAD Certified User,Autodesk
378316161818E05D858F5B4254CF5F49772F5EC342CB2A676E17D629BF96D906,37d7b0c1-ab16-5b2c-a460-770b1deba60f,Certified Public Accountant (CPA),ICPAR
378316161818E05D858F5B4254CF5F49772F5EC342CB2A676E17D629BF96D906,37d7b0c1-ab16-5b2c-a460-770b1deba60f,Project Management Professional (PMP),PMI
381E1691DDE1ABF2FACCC2BD9796B461E3DEA00720F7429EBC0B03E66FDF1253,34a3f0f9-4b2f-5aa8-b8b0-121fbf61f0fd,Teaching Methodology Certificate,Rwanda Education Board
372D8DC1DB9751C975FCB1D2CC28FA46861851C0DC7C259021A16FC108168F93,5216afc2-3145-5292-9683-a9f24abd0de5,Teaching Methodology Certificate,Rwanda Education Board
37499195DCCA43E6DCC9B0B341309D8B001E05838A48AD3EEC04936AB056AF06,fdb86642-c324-5473-a743-672f2817881e,Certified Public Accountant (CPA),ICPAR
38DC167BD0A4851C54D650A82092CD5AC36CAE139EC8F187805B6ED4FCA25585,4127c8c0-8642-50c5-93c5-1481d5422915,Certified Public Accountant (CPA),ICPAR
38DC167BD0A4851C54D650A82092CD5AC36CAE139EC8F187805B6ED4FCA25585,4127c8c0-8642-50c5-93c5-1481d5422915,Project Management Professional (PMP),PMI
33810CE92C70A23559577151027C554D3614C1E5BBF622B3184217D79BE8B209,ff696a4c-d3f4-528f-ba0c-93fb16337899,CompTIA IT Fundamentals,CompTIA
38B059073CE9DEEBD0A888D8BD1148CFCA173EFFE4AF156D988A20A6156BEACF,1c416b05-9b74-516c-853e-c06e32f9534c,Teaching Methodology Certificate,Rwanda Education Board
38FE0F19973D2FFF2CA57A1840C79C7A6C4DA2910209A771129B318F22B31031,0258feaa-b521-59df-a57f-4e8713923b7a,Basic Life Support (BLS),Rwanda Red Cross
39CC913A732588BAB3A6CC18FFFA53EABAF5F99D2648CFAB52BD936CD3871B8F,11c6a39a-407c-5a50-a26f-cbbe51efe756,Project Management Professional (PMP),PMI
39CC913A732588BAB3A6CC18FFFA53EABAF5F99D2648CFAB52BD936CD3871B8F,11c6a39a-407c-5a50-a26f-cbbe51efe756,Certified Public Accountant (CPA),ICPAR
3A15B51267524EECEFD9E7F5212EEEAA77F8AAFABE4A258B76088F87F8FAB058,98735657-721a-58c7-950a-d8778e6e567f,Certified Public Accountant (CPA),ICPAR
3A15B51267524EECEFD9E7F5212EEEAA77F8AAFABE4A258B76088F87F8FAB058,98735657-721a-58c7-950a-d8778e6e567f,Project Management Professional (PMP),PMI
3B38019404E52755BD8299223CC418E52ACE949AD57FC4D72736E76D620F8094,b105a105-8d0c-502d-a86b-1c0cf835eac9,Teaching Methodology Certificate,Rwanda Education Board
3CCA9379A9FFB565C9C9817D2A3D00BA4777BA9893625C89C580D6DB25E0597A,7714ee46-f796-59f8-9971-988db51761bb,Certified Public Accountant (CPA),ICPAR
39795D37FB86656800C20D515399BAAAC785E4581B552D641F95130C723095C3,35b7e6c8-0da8-58d4-9b25-4ffe53c499b1,Teaching Methodology Certificate,Rwanda Education Board
3C6A85F16B8E0E3C0EEBACDA2C272D01F625BA4493E36E4F5BAB2C9CDC5EED04,c97ffe97-7179-573b-8266-1b9eaf73cbaa,Certified Public Accountant (CPA),ICPAR
3C6A85F16B8E0E3C0EEBACDA2C272D01F625BA4493E36E4F5BAB2C9CDC5EED04,c97ffe97-7179-573b-8266-1b9eaf73cbaa,Project Management Professional (PMP),PMI
3E386C80F49DC52FC74F4C69D86FAB0B35A823A68FBB41FD56CB478E2FFFB425,bc81591d-885b-5d5a-b500-99f853c3ead1,Teaching Methodology Certificate,Rwanda Education Board
3D4ECFAB8F4202CE06EC26B010E8C307401590B2A357947EE62C5D338B31FB29,48196ad8-893f-5e49-a8f7-fdc2c7d35a54,Certified Public Accountant (CPA),ICPAR
3A972840A0E8860F109035986F7EABF67F2F7E16C6A7C6F8BEEF5E82B906136B,620d27bf-534d-5552-9a75-7708990d3b52,Certified Public Accountant (CPA),ICPAR
3E6086C415095AE65959DE09A03475754053A4191D6560E3F4CF43DF316CB3AC,637c5e28-a754-5379-b05f-d6cfa53324d6,AutoCAD Certified User,Autodesk
3B522F3087994D30952209FD07388B5885B0642DA1907B1F83C7B86DBBA78FA9,851ba667-e1d6-59a0-8423-084f85a2a8f1,Teaching Methodology Certificate,Rwanda Education Board
3F03AA21A9E1D5D43D63434F8EAFC1BDBB211C2B14F810FD3E3CFDB618216AD3,f0bae957-62b1-5c7c-8be0-f9580307e0e1,Teaching Methodology Certificate,Rwanda Education Board
40CC4C0E669226AB26696132CFE553B8CBC080034E940EDD36E768D46789FCE1,3e3bafa9-20bc-5b94-9602-be104dbc11d5,Certified Public Accountant (CPA),ICPAR
3F7B0225BC30E5F49E23796DB3413945A4E18EADA2B3D04B53BC337E1D0DB0DA,00faca57-3f25-5a8d-97b8-0d379a63a37e,Teaching Methodology Certificate,Rwanda Education Board
412A2D5BD86731706231AD5B5BF9AF454D74E0C5A352BC399DEF3D492E953A90,3e4d7b1b-63ab-5077-92a9-623f2c3fc734,Project Management Professional (PMP),PMI
412A2D5BD86731706231AD5B5BF9AF454D74E0C5A352BC399DEF3D492E953A90,3e4d7b1b-63ab-5077-92a9-623f2c3fc734,Certified Public Accountant (CPA),ICPAR
3D11622EEAC8A0DFF0CCB09C127DC94C1B2F144285E2E81E05337200C9414EDF,9431d4a7-8765-5240-aebb-271f5048e440,Project Management Professional (PMP),PMI
422E42B02C971D76D4FCEA98B6E016F496E00BC807EE0B26893FEC401EDB464D,c9146a03-4161-5b53-aaa4-1e332458f1e0,Teaching Methodology Certificate,Rwanda Education Board
4131ABAEE64E2BD4896DAB9B5659EDE2C08FD0E02C260E568C5FDAD14D8EB8DD,ecdd9ec1-477d-557f-944c-db9d8913cf42,AutoCAD Certified User,Autodesk
424FFE4754448E2D4482AFA279DFF6075315AA4E2E265BFF21493BB86637E14F,37dff389-5aa9-5491-ba35-27e1ecb1d51b,Project Management Professional (PMP),PMI
424FFE4754448E2D4482AFA279DFF6075315AA4E2E265BFF21493BB86637E14F,37dff389-5aa9-5491-ba35-27e1ecb1d51b,Certified Public Accountant (CPA),ICPAR
40B8902FB6BD1A6D10BAEB1FF42CB10A38CB59977C8035F0E4468441F93B46A4,5c9b4815-86e6-5f88-9f33-a5b061f44b6f,Project Management Professional (PMP),PMI
40B8902FB6BD1A6D10BAEB1FF42CB10A38CB59977C8035F0E4468441F93B46A4,5c9b4815-86e6-5f88-9f33-a5b061f44b6f,Certified Public Accountant (CPA),ICPAR
41482FC513FCFA5AA6CD1604CA5A05076E6EDA9860B0BBBB83872D8725277BC7,7659fe28-b611-5781-940e-7cca8c5f5325,AutoCAD Certified User,Autodesk
41694AC234896BAE2B3C5661CEE088CE7FA6D942D6FDA1646460C7FC5CA83AAA,a04f6e59-1af6-5b7e-86f2-33d3d28b6805,CompTIA IT Fundamentals,CompTIA
43AD2D8C0440027182A388EEB5A9100FB504982147662C107BF0CDDDCE9B1777,ce7e2cf7-f0e1-5f23-8bb7-476ed1f4305b,Teaching Methodology Certificate,Rwanda Education Board
4209351214A35D58E7853ADAE4B6DDF7E379724CE1D0AA225CE648CDB017EC2D,a1cdf73e-7d8d-506a-97ed-96008dd409d7,Teaching Methodology Certificate,Rwanda Education Board
43288EDE9BD59BDC25DF90144CE1638FBD2C0AD430156C9E3A0BBF8D354F5B8B,a7a84b0a-5c17-5192-ade5-313fff53b55b,Certified Public Accountant (CPA),ICPAR
43288EDE9BD59BDC25DF90144CE1638FBD2C0AD430156C9E3A0BBF8D354F5B8B,a7a84b0a-5c17-5192-ade5-313fff53b55b,Project Management Professional (PMP),PMI
4489CA26E9AB1AB83D25E89C2E50F9D8ADAA30C4F0043F964CF363357F5AA65C,6ed89b3e-1610-5c8f-abe6-c63b03543cfb,Certified Public Accountant (CPA),ICPAR
44BC82977A7681219EE81231127E94004DBA28B0314DE75D56FF128292BD6A19,8f44d1ba-4968-5b7c-8ef8-706a25bf56e4,Teaching Methodology Certificate,Rwanda Education Board
445B5106E899C1B25E439C8C7B9F3B73CC2E805AE64BF38A81DE93E41FD35C6E,e0895654-4563-5205-ac16-9890d2b44762,Project Management Professional (PMP),PMI
445B5106E899C1B25E439C8C7B9F3B73CC2E805AE64BF38A81DE93E41FD35C6E,e0895654-4563-5205-ac16-9890d2b44762,Certified Public Accountant (CPA),ICPAR
3FA6821AFFCB2CB6D4685B205FBE3FBB934A108283D1ECF09816D7A10D5C3EE9,af75ad75-d7c9-5499-a47a-bf4a54173bd3,Teaching Methodology Certificate,Rwanda Education Board
43D63596E617C9F40B2963550F71BFC80B488BDD0A747BB2796E2FC8F17928D5,d5f01105-7eb4-5308-9ec4-c9af6b032880,Project Management Professional (PMP),PMI
401DB349D40DBB1D9CE6C87DEC328CAE60B8BBFA219014ADFAEEFB6A3843CC02,033d378d-6e93-5cc4-8193-ac969447c35b,Basic Life Support (BLS),Rwanda Red Cross
45537EBC98B67A9AE87E3756B581AF686189A7FADD2240A84D587A611C6D2499,14e9adc0-0299-5a8c-acaa-fc8babf46175,Project Management Professional (PMP),PMI
45537EBC98B67A9AE87E3756B581AF686189A7FADD2240A84D587A611C6D2499,14e9adc0-0299-5a8c-acaa-fc8babf46175,Certified Public Accountant (CPA),ICPAR
4598741B2A45605E87AA34CA4A8474423871EF2187062183080CD213E0071EA2,baf990c9-f3ae-535e-b755-21b63b6be014,AutoCAD Certified User,Autodesk
45BAFF26F7F001ADCFD1301CCAEDF9A6A7A4349F1AA74E43DC1FE7CE6875DC62,01f37618-c1cd-51ae-955a-9fe17e4263f5,Certified Public Accountant (CPA),ICPAR
45BAFF26F7F001ADCFD1301CCAEDF9A6A7A4349F1AA74E43DC1FE7CE6875DC62,01f37618-c1cd-51ae-955a-9fe17e4263f5,Project Management Professional (PMP),PMI
474F879EA82E99254983E00B171BBF7700787B854766BCCA512D6C77E87B9A64,b6766088-26e4-593b-94b0-05ca0042fc93,Basic Life Support (BLS),Rwanda Red Cross
4618C075B28F30E9D8E1BC288A17D54E48FD76547AAAEF51224F31D66657D046,39cfb220-7a83-580f-a47a-362f8a30285a,Project Management Professional (PMP),PMI
43C809753FFFB231F01EA67291D14E6A0A9CE69FB9181882EF701C1F9398CC8C,81925012-9931-5ff5-a523-dfb3db0003fb,Teaching Methodology Certificate,Rwanda Education Board
490F16CF3F45711598617110B62B4F81C843A77466C7CBB0E345209C55478351,41d64202-07f4-5dfb-8d11-696a682a56b5,Certified Public Accountant (CPA),ICPAR
490F16CF3F45711598617110B62B4F81C843A77466C7CBB0E345209C55478351,41d64202-07f4-5dfb-8d11-696a682a56b5,Project Management Professional (PMP),PMI
4B7250FD0AC6AD813B0085D077EB0D12242A5EE06E4F933528030FF3908CA657,a73e96c8-b3d5-5062-8a92-46105bc25806,Certified Public Accountant (CPA),ICPAR
4A2048F922F697947F47CEC750047C0171785AC5ED5FA4F9EB1ED8EB559BE2E5,6774def5-58b9-5662-8e2c-221b50daefdf,Teaching Methodology Certificate,Rwanda Education Board
4A20B20071CEBC08A8984BA573D58511221DB596FF4A7FF52D6E5EE37E4D957C,9c48e763-bc20-5d5c-be13-2001865f78ae,Teaching Methodology Certificate,Rwanda Education Board
4BB3A3641FAEDA4F98F292D533311F51E49B3465A54CAAE63C82F219626C60A8,d0c6af4c-1791-53f8-b29e-c699e4154ebb,AutoCAD Certified User,Autodesk
4CB3B1BC2F4AB948FE82F304AEC2E225BE640D5238C4B20A3C9FF6B2D15FE80F,bfb34d63-52ff-5178-b6ce-1fc6a52fee47,AutoCAD Certified User,Autodesk
4CD3D37CE99E6A6ED35D0405183E6DB71BBC9F31758FD2DB05645BEAA9A25CC1,291953d0-3bee-5086-8bcb-3c62e7ba335f,Project Management Professional (PMP),PMI
4D4AFDE214FEEB265BD82249B2DD91C124A7CFA762355104847AA2C4EE4283AA,50ff1ed3-ea65-5677-9416-31ee73aafcb5,Basic Life Support (BLS),Rwanda Red Cross
4E482937575A286A5188E129B34D9F312D88E72EFFFFC40E7F30303D577AF709,9cfe1d35-7d39-5609-b4e0-4c8dd0afce97,AutoCAD Certified User,Autodesk
4C175B2A7499BA7569932763626F4EF8A3571C00D65650DA959E68325850EF89,7f83d668-f8ba-512f-9677-fe48ffa065a0,Teaching Methodology Certificate,Rwanda Education Board
4C2175D10E5727F1204CCC31D5D9264BE83737B08CC17689F4636984428B2058,ee3d0498-970c-5dbd-9776-34a6ec45b0e3,AutoCAD Certified User,Autodesk
4F8783A024C2C086C3C578BBC787E195E4E2CAD8B0863EE4CEE603959AABC673,ee50df09-6f54-53b8-944c-2061876fe6a2,Teaching Methodology Certificate,Rwanda Education Board
5011FBAB9485A9A79398AB895C40BB7D9EBBB24007869740120F9B5A332BC9A8,1befa1dd-71e5-5a72-aaa7-133c1f196b60,Teaching Methodology Certificate,Rwanda Education Board
44C1E8B57042696D75532D40ECD402962007B57281BDA13A7190D1E08DBEC2EF,5d18fb35-5ef4-50e9-bbd8-d868678af121,Project Management Professional (PMP),PMI
44C1E8B57042696D75532D40ECD402962007B57281BDA13A7190D1E08DBEC2EF,5d18fb35-5ef4-50e9-bbd8-d868678af121,Certified Public Accountant (CPA),ICPAR
45503B218DE08FE95ACD3794D4CE46539821F13B64CFDB9A13E8BDEF0D8C7EEC,2fe54b6c-4a4a-5762-8fe6-c709cf1dea47,Basic Life Support (BLS),Rwanda Red Cross
45519E8D5FC22099D4402867F536C990913053D33D0BAC0FD1D54FFD59F4BC82,66bae094-aab1-5867-9347-aab92a35b198,Certified Public Accountant (CPA),ICPAR
50CA10F4102501326F8B5E293D4B7D60CD67049A5872EB8F069E53B963477FFD,3635d28d-6ebb-59fa-9fec-5734dc73af49,Teaching Methodology Certificate,Rwanda Education Board
4CFA7E6BAF116C86970D0C85124174CFF8A1CB9A63BF8BC494249BB660373EFE,94568ee7-0f9d-57ce-ae8c-9ccf71b07c34,Certified Public Accountant (CPA),ICPAR
5183C657EF680B26ACE907F4151CAF6C97A3E0391E171F672F5436C5A777F67C,16c5609a-5c79-51cb-bc8f-9048b3ba3f63,Teaching Methodology Certificate,Rwanda Education Board
463F28E85E1A34EE69D847D56932AD11EC0A91A8569DC7C7A226435C0733F601,b17df636-1e4d-58ac-b83b-bb8f067a14ab,Basic Life Support (BLS),Rwanda Red Cross
51288469933E147BE0B3E7A649C967F7949A4BCC6BA96C28C69AF2D19240AAD9,71af3b89-766a-51bc-ad1d-fb3d9276b1cd,Certified Public Accountant (CPA),ICPAR
51288469933E147BE0B3E7A649C967F7949A4BCC6BA96C28C69AF2D19240AAD9,71af3b89-766a-51bc-ad1d-fb3d9276b1cd,Project Management Professional (PMP),PMI
51DB5B2ED4E2FF3C9BD2F9727F08355DC7E280EEF11EB1946952A3E58B7650A6,62cdf75b-d6e9-5c8a-befb-98ef31f34d9f,Teaching Methodology Certificate,Rwanda Education Board
482949ACE1C5D0D12262AFFDE3DE646B31640D86C1A023F4FFC71DA587BA3272,c862c6a1-a389-508c-9f16-f1cfaad03bac,Teaching Methodology Certificate,Rwanda Education Board
4FBD1ED0BA0D69EF56ECD475E6C08D349CAC3D598DA451A8B8369DA466F9EA7A,174f55b8-fdbe-5b3e-af08-efa32ca21bfc,CompTIA IT Fundamentals,CompTIA
4FBD1ED0BA0D69EF56ECD475E6C08D349CAC3D598DA451A8B8369DA466F9EA7A,174f55b8-fdbe-5b3e-af08-efa32ca21bfc,AWS Certified Cloud Practitioner,Amazon Web Services
53EE7D6FB82FD2A43328A9CFCB71B8DE2A41454B91FE083E1DFB1FADF9E3CA83,ff9173ca-09a7-5629-bc11-0f3407eba6d6,Certified Public Accountant (CPA),ICPAR
53EE7D6FB82FD2A43328A9CFCB71B8DE2A41454B91FE083E1DFB1FADF9E3CA83,ff9173ca-09a7-5629-bc11-0f3407eba6d6,Project Management Professional (PMP),PMI
497C4130D65637160A9A827FAEB5DEAA13E1C55A059D3BEC4FBFA7CF426D185D,c5a1e085-eca3-5230-915e-ec8f47f3ec9d,Teaching Methodology Certificate,Rwanda Education Board
544EB13B6FACFDFE1F060408EF39F561C8323328D7D890CD19A7D3745C0C98FF,66c9fc3f-ed10-5778-99aa-2d925575a38e,AutoCAD Certified User,Autodesk
54B9116D12AC89BF319B0BFC081D02516AF2F46B66923CD1ED57D5A46650D40C,fdd7299f-dfc1-5fc5-b4d4-181e05cbd55d,Certified Public Accountant (CPA),ICPAR
540753CCC2F57115759E37AC9E4BEE0D25D9A692E4D3E8542A5DF82373F40780,7d915ec0-eb5a-564b-9795-a3b688a3cb48,Project Management Professional (PMP),PMI
54A9BA839C3ACE15231E286E236412FEBD93173D289E7CF7ECA6F72C2C387B77,882cdb70-abc6-5a45-a726-e5fa5ae0c96e,CompTIA IT Fundamentals,CompTIA
54A9BA839C3ACE15231E286E236412FEBD93173D289E7CF7ECA6F72C2C387B77,882cdb70-abc6-5a45-a726-e5fa5ae0c96e,AWS Certified Cloud Practitioner,Amazon Web Services
4C3D6EE72F0ED27AF24E18C63655FCE2513110B64D5C7FD6FEB5E36B9E81D084,73ea09f4-6d4f-5543-99de-feec992c4e89,Project Management Professional (PMP),PMI
4C3D6EE72F0ED27AF24E18C63655FCE2513110B64D5C7FD6FEB5E36B9E81D084,73ea09f4-6d4f-5543-99de-feec992c4e89,Certified Public Accountant (CPA),ICPAR
56BAEC9BBD733B8AF6E511868B9C329F76798BA5592D91D28CD4C278809A8806,842be193-8c57-5949-888e-1f88896629df,Project Management Professional (PMP),PMI
56FA1DC7FCDB2CC4C426972DC6A360B7C7601ABB0011FDEECDAFBE24CB36D736,067a2867-64e5-53b1-a844-f8c921fa0226,Certified Public Accountant (CPA),ICPAR
54538C4295EC36EED4B677878D07511215151DF96D3BCC3C3D6EB159B3716B33,e78d61c1-84cf-5259-ae53-35aeaa4f7f08,Certified Public Accountant (CPA),ICPAR
5592CA5B6E779C9ADE19B2767DC9DD1C6DC0FD974697F51C9F27F83A2ECB1DC9,9e7413b7-50bc-5dc4-aedd-438ab5c722c7,Basic Life Support (BLS),Rwanda Red Cross
5845DA3370EC0888B75637BDF1D2E94132C5C8BEAA3D2EA2E9426C5A74B161A5,a70f1b49-52e7-5440-be04-556d63043632,Certified Public Accountant (CPA),ICPAR
5845DA3370EC0888B75637BDF1D2E94132C5C8BEAA3D2EA2E9426C5A74B161A5,a70f1b49-52e7-5440-be04-556d63043632,Project Management Professional (PMP),PMI
55F6580918DF2B199C10D59F4EA511F1CE2F2CA74DDCEF0AB7C43629FCCACA7E,e9f6656f-7677-5c7b-8ea9-d135e6968195,Teaching Methodology Certificate,Rwanda Education Board
574B73E5CF8B8180AB7B219420CC211D12812F382CC8EE73C381AFAF659CB72D,a65aaffe-bacf-5bba-986c-5ba202ac6928,Certified Public Accountant (CPA),ICPAR
574B73E5CF8B8180AB7B219420CC211D12812F382CC8EE73C381AFAF659CB72D,a65aaffe-bacf-5bba-986c-5ba202ac6928,Project Management Professional (PMP),PMI
5A1DE6E478EDD1F75964A1953F7E030ECAAB75059A58750201B29CF0C47B0226,7c0cab9c-3092-53d2-a561-29c56b62c888,Teaching Methodology Certificate,Rwanda Education Board
57A1A6FFF4E436A1FD066863DE86D328717023F0D441C737B76B4ADC663EBF70,5451f610-e58e-5058-8306-b0f44de6d43e,Project Management Professional (PMP),PMI
57A1A6FFF4E436A1FD066863DE86D328717023F0D441C737B76B4ADC663EBF70,5451f610-e58e-5058-8306-b0f44de6d43e,Certified Public Accountant (CPA),ICPAR
5BAADAB4751DB99F506FA56F78CC6FEEA317A2F4C1C636F8A8C893567C990D00,9e6b75ac-c7ec-5ec3-aa9d-ba2abee5874a,Certified Public Accountant (CPA),ICPAR
5BAADAB4751DB99F506FA56F78CC6FEEA317A2F4C1C636F8A8C893567C990D00,9e6b75ac-c7ec-5ec3-aa9d-ba2abee5874a,Project Management Professional (PMP),PMI
5AEC2F31E163038A9BF6DD8D83CA462DA3311A71C6EA7AFFC80C412B01D961AF,d680df37-92c5-5e65-a022-1c0d72902542,Certified Public Accountant (CPA),ICPAR
5AEC2F31E163038A9BF6DD8D83CA462DA3311A71C6EA7AFFC80C412B01D961AF,d680df37-92c5-5e65-a022-1c0d72902542,Project Management Professional (PMP),PMI
5BD1C8FC550DE29AAE20C0E695A98C3E67920BFA265F3D9F9023C3E3D0D76C42,e2c79f9e-2437-5c5b-bfdd-75ca61995d69,Certified Public Accountant (CPA),ICPAR
5BD1C8FC550DE29AAE20C0E695A98C3E67920BFA265F3D9F9023C3E3D0D76C42,e2c79f9e-2437-5c5b-bfdd-75ca61995d69,Project Management Professional (PMP),PMI
592E24466AE959C6787AFCC1EB094DE858A2BB8D2F9CB3CC29B207558D85BA8C,c0f31576-bc1c-5957-9baf-e7e21bd8060b,Certified Public Accountant (CPA),ICPAR
5BFFEA8768A578F6BA0456BB1EB71A17E56BF5CEE9925EEF444902A0F08296B8,36c54648-1a86-5bf8-ae0e-4cd3c0d3e8f3,Project Management Professional (PMP),PMI
5DF8E26482958508F2A46F6EEBF47ACA9844200232A4FDBB4599461C1AD3C2CE,cc69e829-7377-5637-b1cb-68c95874232f,Teaching Methodology Certificate,Rwanda Education Board
5F6AFD0FF422BC0172F4327ECE5431F7D7A40A0327ED71A96B47F38377D76354,69d8c627-a35d-5299-bd98-da0dea1f0472,Teaching Methodology Certificate,Rwanda Education Board
5FAE41847BDC61F641D521F2B8DCAF1D18ED7EDB7EEC4A0420DA1167D9454C0D,017c57d6-1d42-5235-a0e0-91b8554f0358,Teaching Methodology Certificate,Rwanda Education Board
602BF784FFD5FA16CA3BD8344B7685A854A78B75FABB59277F5681377CE1FAD4,e2b64bf4-8c4a-5ba6-9cce-349674cbacad,AutoCAD Certified User,Autodesk
4DF142C4171062B96CA21F38E1A6E46B1CFF82378AE4117F39BAF306D791C089,339c9ad2-a6ca-5da7-9f34-db1244500064,AutoCAD Certified User,Autodesk
5FD7DA527912FD59370FFDEEE1C894EC0A3F4C9A9A8841BBA5BB364713C1261D,135a8dd0-9b1c-5a5e-ac0a-33e052d5fb18,AutoCAD Certified User,Autodesk
61B64EDF8D6F464D76CB16EC6DE06A11FBC9FE1CA86C6812B812411784F624D2,b1f7691b-e35e-576e-967b-55312a1cd03c,AutoCAD Certified User,Autodesk
4EB4265849E10B5E03E8E9C32129F5AD128E942DA71D3401219C82187DA4215F,23f7a618-74b4-5e77-abfc-2e47ad419633,Teaching Methodology Certificate,Rwanda Education Board
6215887CA030B754D3177D1DA625B9F15A3315328743FEB35C39C66B89496148,8b4dd106-cfe0-5353-a6e5-7424964a54bd,Project Management Professional (PMP),PMI
6215887CA030B754D3177D1DA625B9F15A3315328743FEB35C39C66B89496148,8b4dd106-cfe0-5353-a6e5-7424964a54bd,Certified Public Accountant (CPA),ICPAR
4F3389A8B0114CDBE4B20B7C8546FD823D3539B1D32A76C60B9B7765F3B860CB,d87b6717-af4d-5f91-9567-b32fdcc87c8a,Teaching Methodology Certificate,Rwanda Education Board
609B1779D9670FB20D2D0E998D69EAE2BB8828490D6985B83A2004AA1C829141,2f8957b1-7ecf-5f40-8330-aeaec3e212f6,Project Management Professional (PMP),PMI
4F8ED463EAB3BAD2DF72E48E96D85DE0BE98BBFAFE6DA454C816DB96AA788850,58d708dc-e57f-5e76-a8dd-fa728dcab6f7,AutoCAD Certified User,Autodesk
61CD56C71FF18F1A23CAF1A3CC6D44632A1D2314E3FFBAD8CFA329964DC13022,35bc3b03-7389-5704-b3be-33eb46bdaae0,AutoCAD Certified User,Autodesk
64F64AD1CF9F793A7BCA9C4F26C5C139BD304DCF12EA2D13DF8FEC31EB7AF356,2de91e22-4084-5b6f-b817-eb47a795c371,Basic Life Support (BLS),Rwanda Red Cross
642270AFF0604648EFB7E164D5A25712812B19FE064A17883FDC992CBA0D715B,2d2c1f06-13a8-5c2d-8ff8-2e2e1a031981,AutoCAD Certified User,Autodesk
672225AE42F7F566FA5543EC54D1A79203C505F0EB97E3B0103D39F46BA8F6D9,c8c55a76-19bf-5a94-8d66-a5c9edba5c64,AutoCAD Certified User,Autodesk
67AA219A75ED5AFA427D8064B703236AB5506AECE5084E0A0E34AAED3A906D6D,76514083-fd03-5e91-b309-5b33f4ccbbe2,Teaching Methodology Certificate,Rwanda Education Board
68A2784DDF6E95F8707F15BF09935E7C478F112687CE4DAD044A8B87D01B9E6A,75ba8104-bba1-5ff2-bf03-0bb1c1b0344b,Certified Public Accountant (CPA),ICPAR
68A2784DDF6E95F8707F15BF09935E7C478F112687CE4DAD044A8B87D01B9E6A,75ba8104-bba1-5ff2-bf03-0bb1c1b0344b,Project Management Professional (PMP),PMI
67078DD8F5201240E0749930550B252684BC04D53EA54B966135D73E66085419,c74cd48d-a30d-5a6c-8d6b-a9da8a7fab4f,Basic Life Support (BLS),Rwanda Red Cross
6708729DC2102EEC5EDEEB3A504F1D701E411F5A6CE8C426DC5413EF6C986820,c61621b6-c086-536b-9437-1cdae8c95b7f,Certified Public Accountant (CPA),ICPAR
6708729DC2102EEC5EDEEB3A504F1D701E411F5A6CE8C426DC5413EF6C986820,c61621b6-c086-536b-9437-1cdae8c95b7f,Project Management Professional (PMP),PMI
697F8050A49ABD2968E815D4EA38AB1209C63FE096AC9AE028909FF8277B8CFF,b4b785c1-e91b-54aa-bb84-2b52d44c6cd1,Project Management Professional (PMP),PMI
69DB0A5FE01CEEDC6D5FBF88B45FFC783F87598F2D9BBBF4294EFBA6F3551263,b70ce1ce-d388-50ed-a0f0-7f570fa86815,Certified Public Accountant (CPA),ICPAR
69DB0A5FE01CEEDC6D5FBF88B45FFC783F87598F2D9BBBF4294EFBA6F3551263,b70ce1ce-d388-50ed-a0f0-7f570fa86815,Project Management Professional (PMP),PMI
68DED856492E89A0C1AB85E0F13D65B4BA1F26E41F5BA1594020737C9EADE395,0d91abaa-c860-5e9e-86a6-ab2c303ec586,AWS Certified Cloud Practitioner,Amazon Web Services
68DED856492E89A0C1AB85E0F13D65B4BA1F26E41F5BA1594020737C9EADE395,0d91abaa-c860-5e9e-86a6-ab2c303ec586,CompTIA IT Fundamentals,CompTIA
6ADC3944968F6D4BCC0A911477F0ABCC1BCC6707AE5B425942C1085FBC5842F5,c22dad79-d8a9-5092-9ee1-d3af122c0ea5,Project Management Professional (PMP),PMI
6ADC3944968F6D4BCC0A911477F0ABCC1BCC6707AE5B425942C1085FBC5842F5,c22dad79-d8a9-5092-9ee1-d3af122c0ea5,Certified Public Accountant (CPA),ICPAR
696FDD188E0DB57DB0E446BC8E15AE6D61E94D66E70294511595971670E8AE4A,b4af0abd-9aea-5034-bda2-83bf240dd6c8,Teaching Methodology Certificate,Rwanda Education Board
6AB44417EB530989A72800648ECA2AC96763426D5D754AD4337CCCEDCF242CD5,fb87abd0-741a-512c-866c-b55181425e40,Project Management Professional (PMP),PMI
5D0EF7CC346E3B8782AA48654A75DF25939F6518C4AA8CF0C53AC89A08A2B815,33dd1040-af03-52cc-a4ca-1bec0c657586,CompTIA IT Fundamentals,CompTIA
5D0EF7CC346E3B8782AA48654A75DF25939F6518C4AA8CF0C53AC89A08A2B815,33dd1040-af03-52cc-a4ca-1bec0c657586,AWS Certified Cloud Practitioner,Amazon Web Services
6B4A7F7DD5BB5F64AAC3E7B71EC23E8257430AF3BC7ACB1227930FB9B333BFA9,66ee4dda-b05a-58c2-a5ce-6e6b6e83769f,Teaching Methodology Certificate,Rwanda Education Board
6D909AB4966D0E32913C30E280D824DD07D5FC0F963514030A29924BBF2C14F9,dc174255-a5bb-5c00-b1f7-197bdbb6404f,AWS Certified Cloud Practitioner,Amazon Web Services
56A896401905C54D9E1E304B86F407EC90AA532DB82BE2E45C26E176E532C0DF,5d090947-89b5-5316-bbc4-de05578192dd,Basic Life Support (BLS),Rwanda Red Cross
57260599D00530189D57E40168ABBD4328059377DF56E36ECD00DD6CAAC3E3E5,5cf0ad20-a4ac-5900-9cac-db3fb46272a8,Certified Public Accountant (CPA),ICPAR
57260599D00530189D57E40168ABBD4328059377DF56E36ECD00DD6CAAC3E3E5,5cf0ad20-a4ac-5900-9cac-db3fb46272a8,Project Management Professional (PMP),PMI
57967667FCAA8408C263510652F42B8840A9B45BEDAA37862B3B1495E226877C,2b101319-6662-5e7b-95ac-008f03345e4f,Project Management Professional (PMP),PMI
6DB95CCB0033E00A696E55DDBDD9D013416EEB0C46D129BABB89E1AFF09CD2B6,2f6b5df2-31f1-5ece-b450-57babbaa47cf,Project Management Professional (PMP),PMI
582B98A5C5B68C00863B51933FEA0336F8CED3779A20C912C6463E0FCC37D805,5c79000d-38a7-57ba-8f10-6fef6eeb346a,Certified Public Accountant (CPA),ICPAR
582B98A5C5B68C00863B51933FEA0336F8CED3779A20C912C6463E0FCC37D805,5c79000d-38a7-57ba-8f10-6fef6eeb346a,Project Management Professional (PMP),PMI
6F7A12B121A67149DB8248327A977BE89568D277DC59CF1526F011D8EF4E315D,c7301608-f5f5-5624-bed0-7084f3279652,Basic Life Support (BLS),Rwanda Red Cross
59042DC1DDA8AC7D4DC8CEE2FE4BA49F8AFAFE2B1A3CD7BE221011CC12CD8635,55c785da-99fb-543f-a6f6-c9b4748c13ee,Certified Public Accountant (CPA),ICPAR
59042DC1DDA8AC7D4DC8CEE2FE4BA49F8AFAFE2B1A3CD7BE221011CC12CD8635,55c785da-99fb-543f-a6f6-c9b4748c13ee,Project Management Professional (PMP),PMI
6F4383AF929E07AED4C8BFC2324E39D5880608BB6CCDF3BD1C70EFF9E55EE518,7c2ac6c2-640c-5d4d-871d-6bced256e603,Project Management Professional (PMP),PMI
6F4383AF929E07AED4C8BFC2324E39D5880608BB6CCDF3BD1C70EFF9E55EE518,7c2ac6c2-640c-5d4d-871d-6bced256e603,Certified Public Accountant (CPA),ICPAR
7043A1A4700F7729E660520958F7F0FC4E7F6BECDCAE94D1E10BA4BF6C561246,ee96da13-10b0-5c00-bbb2-410ffd518f9c,Project Management Professional (PMP),PMI
5A932BD5FB6AC94E5EEA9529A83259D6066931CB52A23FA30FAF3691EC80799C,930b3d42-8a19-5cf7-af65-8d39a533afbe,Project Management Professional (PMP),PMI
724F5C3511711B1B7D54F6695D4E75F9FFDB80CF219943DB9636E83D861AB365,3c2ef5a1-fb37-5d8e-b75f-3a2057cf0893,Teaching Methodology Certificate,Rwanda Education Board
7160B71EE64877F084C43994152B74EB2383A45A006ADEDF89C70E7257FE17F9,db39cf6d-af0d-5801-aa22-afcd82910c90,Certified Public Accountant (CPA),ICPAR
7160B71EE64877F084C43994152B74EB2383A45A006ADEDF89C70E7257FE17F9,db39cf6d-af0d-5801-aa22-afcd82910c90,Project Management Professional (PMP),PMI
7262F5AB173E254D512D45852A16B365ACBB92DD80E0642285D2321F8509ED76,31f40aa1-6e50-5844-9055-fdcc8d8c22ac,Certified Public Accountant (CPA),ICPAR
7262F5AB173E254D512D45852A16B365ACBB92DD80E0642285D2321F8509ED76,31f40aa1-6e50-5844-9055-fdcc8d8c22ac,Project Management Professional (PMP),PMI
5D787AF872BCC14CE2584BE40B4DA0F935562EB8CDC0F0DD72F905CEEE1AE10F,b6fd8fbe-be58-5012-9b34-265dbca4a798,Basic Life Support (BLS),Rwanda Red Cross
5DD826D25E3652C6EA2D3584172CC5D0874890A146367A9DE08CD817BF3AC964,9fa57f76-2aaf-5ab4-90bb-a818209e72f1,Project Management Professional (PMP),PMI
73B3522ECE3C7D7637A2A8C15251B6DAC9979DE9ADBC3CB912E317EB15312C83,268b9070-4d72-5b75-b1a8-826e59649565,Certified Public Accountant (CPA),ICPAR
73B3522ECE3C7D7637A2A8C15251B6DAC9979DE9ADBC3CB912E317EB15312C83,268b9070-4d72-5b75-b1a8-826e59649565,Project Management Professional (PMP),PMI
77B3874B54F4884FE73191E3A5ED115B612D1A9840E25617F37F1D4D8BCEE77B,c14abef3-5098-5393-9ed9-d49a9f744d12,Teaching Methodology Certificate,Rwanda Education Board
788D34C0590BFEAB8F85740986D213718C94DAB78516C88474B25C3AACED1052,ecf7c3e8-5177-5208-9619-d0f6489b21f3,Project Management Professional (PMP),PMI
62033B8F4E8BCF50B148CF51F2398AB0FE7C98D3FBB1DD4A8B950212C385E5AA,05f7fe90-f2cd-53a6-9d33-45a0c1014d03,Teaching Methodology Certificate,Rwanda Education Board
62F1FFB5B2D5898E92427F895439D19A7F3374A330A98AAB2A936ED320E38CD2,e16d4688-7700-51b4-af9c-96a3cdf326fb,Basic Life Support (BLS),Rwanda Red Cross
79366939A351831ED39C32421ACA627F1C0FFCC2709ACFD1065A475C25E18147,badc1cb1-b656-52d4-b6a0-f970f69864bc,Teaching Methodology Certificate,Rwanda Education Board
79E5FA262D1430B27D19C0254B7359E8B2520BEB6F25F77E7ABB3D2393326751,f66d1348-9c2b-5f34-bbcc-23c10eced252,Certified Public Accountant (CPA),ICPAR
7A444C6B00F78B9F85BB8953CDF33978596AE9877EE28AB36627E955FBFF4780,2d180aec-0430-5415-a4b3-62ac26e1283e,Teaching Methodology Certificate,Rwanda Education Board
7A72ACDEB444D9BD658B8F84B4CC463E043583EAB8CA10B093CA696466D0863C,57bb0bef-eac1-525c-969e-7b50ea66ee2b,Certified Public Accountant (CPA),ICPAR
6812D5F6B20F87411E7ABC874EAC49B1672E682A15D17452ACFBC74E343D899E,e11bbbc6-dfc9-57a4-941d-0ea2a60bcff4,Teaching Methodology Certificate,Rwanda Education Board
7B61FD349E64BF238C76D92FE08D5D7FF41D42DFEF474F437DC967489271DE1D,8639cf0c-94be-50f3-b573-959e35018e7b,Teaching Methodology Certificate,Rwanda Education Board
654B90FED282C523D7B7F4759CF97ADF5CBD833E9E11BFEFAFF43375CB18D690,785eec9f-529e-55a5-9e33-b67b4ff3c8c8,Certified Public Accountant (CPA),ICPAR
6587F5D6D2B50BC61287D1444998ED87D82783EA2A49A3900DD5EE8D4EF8D553,39132281-08e3-5bfe-b599-cf72702d37a1,Teaching Methodology Certificate,Rwanda Education Board
65C4F4BE57067B5B9C9FA769380BAB7E3C776A765600642DF45B1F54D8A642CC,ddbbd896-62f2-5064-b7d9-d05177de2dfc,Teaching Methodology Certificate,Rwanda Education Board
698CE11203F7C27EE045E175848CAAE71D3BD354F19F7F98189F45311B82EB68,a0df8948-7146-5596-9a14-f21e5b94d0bc,Certified Public Accountant (CPA),ICPAR
698CE11203F7C27EE045E175848CAAE71D3BD354F19F7F98189F45311B82EB68,a0df8948-7146-5596-9a14-f21e5b94d0bc,Project Management Professional (PMP),PMI
699E3F49C10054B0200FD6287985CC95DE59D2469300FCF4A94C2F787756680D,2faabbb3-1171-5c1c-804b-bacdf5fd35cb,Teaching Methodology Certificate,Rwanda Education Board
7E2189BC0A2B41CB07F340DD2A8D078C347E13281A532542D7F133A862F7B479,946c967b-725e-5b1b-8afd-11a4da13b5f2,Project Management Professional (PMP),PMI
671B2AF7D5812538231D27AD0606FAD978A3252A0A2FA7360EDA6677C990969F,add29f2a-7f71-5672-8803-7ea49ffe9141,Project Management Professional (PMP),PMI
7F05531B3844B94E6F60D3D81B62448EF0E16BA68E01AB4AA1C5148DFD630476,4680060d-db14-544a-a11c-9d23772f51e7,Certified Public Accountant (CPA),ICPAR
7EE5B93AF34792E0CD630CD21CDE0BA7A60BD0BB5E70508872FEDB063B0351F1,f4fb0105-58ae-5557-90dc-5959aebfec79,Certified Public Accountant (CPA),ICPAR
6C17F939169044DEDE20D748EBA2709DB98EB027B7B88165D829BF4968865A4F,91f1600b-b854-5da9-a5d1-0af6cbebbf06,Certified Public Accountant (CPA),ICPAR
7F765F53B0F1FA4E87CCEB6B274F6123B7540191984D7F49A5A3C48EB11394E1,ef66aef8-debc-585e-b04f-008bbfe22cad,Project Management Professional (PMP),PMI
7F765F53B0F1FA4E87CCEB6B274F6123B7540191984D7F49A5A3C48EB11394E1,ef66aef8-debc-585e-b04f-008bbfe22cad,Certified Public Accountant (CPA),ICPAR
802BED51E413ED2F3AF899389A9C43011A838994F65FA5710846DBEFF0C0FEDE,caa2a7c2-6bb4-5b45-9eec-29ff5070ea96,Teaching Methodology Certificate,Rwanda Education Board
8118523026A415475BD714A83F0A7D454B704394DEA60996F3D14616A3E1B87E,4fe05dfa-e7df-5b19-bf0d-89d169210bb8,Basic Life Support (BLS),Rwanda Red Cross
6E12D35ACD22E3047BA5C4C322BC999CE0DC27A27DFD6B43AA8D12AB4D94F1EB,f2652f9a-bfa2-5746-b1c4-222c6400be69,Project Management Professional (PMP),PMI
6E12D35ACD22E3047BA5C4C322BC999CE0DC27A27DFD6B43AA8D12AB4D94F1EB,f2652f9a-bfa2-5746-b1c4-222c6400be69,Certified Public Accountant (CPA),ICPAR
818307B9022715B1EFBFF9188B2B470AC8D64D0813AC7DC44B0EC57908189A9B,c01f029a-1174-593e-9389-8709a1740515,AutoCAD Certified User,Autodesk
6E69CAE7989849E3D1C7891199656977F1617483EFD52175BF0FE15464346B8D,94c0e87c-d4ef-5e71-860f-e9f667a1e675,Certified Public Accountant (CPA),ICPAR
6E69CAE7989849E3D1C7891199656977F1617483EFD52175BF0FE15464346B8D,94c0e87c-d4ef-5e71-860f-e9f667a1e675,Project Management Professional (PMP),PMI
823ECA073F31DBA9404E7C528EDA3F6C47C7272DD2C8B01446D67C1E9FBE7B46,e1bf3383-ee5d-55e9-9b12-b472af08c466,Certified Public Accountant (CPA),ICPAR
6EE210F5983FADB5F9EAA8213096D310ACAA22C503EC45552DBC8BDF7115E4CB,9652f3f7-6291-5326-8081-75dbfbfa7ac2,Certified Public Accountant (CPA),ICPAR
6EE210F5983FADB5F9EAA8213096D310ACAA22C503EC45552DBC8BDF7115E4CB,9652f3f7-6291-5326-8081-75dbfbfa7ac2,Project Management Professional (PMP),PMI
82E0FBCAC3AB0A1BE6609BD6C9D51657238943A0A666CF9E735DC01EF90906AE,47060c6c-16e8-5db4-991a-850567b96ec5,CompTIA IT Fundamentals,CompTIA
82E0FBCAC3AB0A1BE6609BD6C9D51657238943A0A666CF9E735DC01EF90906AE,47060c6c-16e8-5db4-991a-850567b96ec5,AWS Certified Cloud Practitioner,Amazon Web Services
83559F95DB9A67CE224D3BEF9672C83CFF5EB743BEFBBED7E42E25D522C0A403,d80b4244-5f16-5c20-ad7b-604063274203,Certified Public Accountant (CPA),ICPAR
83559F95DB9A67CE224D3BEF9672C83CFF5EB743BEFBBED7E42E25D522C0A403,d80b4244-5f16-5c20-ad7b-604063274203,Project Management Professional (PMP),PMI
7145F865143B00F77A43B8778830BFC7774F820FCC845565C92B0FF84AE5D124,00a6c8fb-1d38-5e5a-8611-00dc338d39f7,AWS Certified Cloud Practitioner,Amazon Web Services
8405F646D559E72B1A620E3C3271A77F9E53FE600D8D35F782E8CEAD4A14C58E,d63da309-942d-52fd-b8ca-abad55ee7b88,Teaching Methodology Certificate,Rwanda Education Board
84245DBF41D8095BF5DF47BFCAD7EFD9F77247664857D8C66A502FD1A24C8E21,3c81a1e3-bcad-5cfa-956b-652c082ca22b,Teaching Methodology Certificate,Rwanda Education Board
8483E5D7BCFF386E0264E41287AD5F36017A4D973AEAD6D917CDCCA06ED19540,9fc18d30-f8c0-5688-929e-7f2c78675793,Teaching Methodology Certificate,Rwanda Education Board
726BC69E786CBA2D7146F26AB6948399074B842CBF5CE900ADF86BBE1E1C3D3B,fa441ed5-4f8f-5a79-b36e-debcd0f7f58f,Teaching Methodology Certificate,Rwanda Education Board
8699712DBD8008692549C6F54AF44FBADEC9B9723DE346852AD8F08202839684,b84ac1af-a1eb-56e6-8dcd-b291ce23e728,AWS Certified Cloud Practitioner,Amazon Web Services
8699712DBD8008692549C6F54AF44FBADEC9B9723DE346852AD8F08202839684,b84ac1af-a1eb-56e6-8dcd-b291ce23e728,CompTIA IT Fundamentals,CompTIA
867CF3F9B745157DA6D2DA21519D9FFAF4760F5401B1F41497560B1EA66BD803,b963fc3b-a814-5c6b-bfcf-169066307396,Teaching Methodology Certificate,Rwanda Education Board
6817F681B150AD002C5FDF37230610E63F0C280E2449F9CDFD2E2EFF9DFF1771,ea40a6f2-5937-564b-9f6e-e18e7473846e,Project Management Professional (PMP),PMI
884FB12C584D6B07CF2211FAE8C71FAB9233B9CE1177E3C3DB26768D0F16898A,afc190ef-88ad-56e0-9347-d6825a14d3a1,Teaching Methodology Certificate,Rwanda Education Board
8989BE38F27172D9FBA0EFEB0560FB7A956DF9C936F729217D52A7909720F512,e1ec7bb9-51aa-574f-98db-77ac4aa34fa2,Project Management Professional (PMP),PMI
8989BE38F27172D9FBA0EFEB0560FB7A956DF9C936F729217D52A7909720F512,e1ec7bb9-51aa-574f-98db-77ac4aa34fa2,Certified Public Accountant (CPA),ICPAR
88B1C9559C3AA2994FC3BC951793F5642C5A3CF92C897B61C663939900645750,ba9ef263-15c8-5755-a08e-a7e8a25e8162,Teaching Methodology Certificate,Rwanda Education Board
68D432D25149A64844AAA2A2DCB9A61CD7F9F97B2EBD8C3EEE474031C5B9854A,4a3f42bc-7efe-5b35-95c6-bdf1a698c224,Teaching Methodology Certificate,Rwanda Education Board
6992BAD06B29C328017455A9493475B1C4C53677D34D888FE31F98A86743F3E1,a326ec00-8e9b-5149-b802-58ffee1fe70d,AutoCAD Certified User,Autodesk
6A21B4D085A434B47838BE13D1793998C81B80FDB5AABD7D4F16EF6D048C035A,e0e2dcb9-c639-5f04-8e2a-bf95d5713f9c,Certified Public Accountant (CPA),ICPAR
8B6DB7C102F80DB6275AAB4E58D31FB965B2541A6073A5D877199C20BF12A334,dd982add-14a6-59bf-97ce-010d48050ea6,Project Management Professional (PMP),PMI
8AF5030DD7747F6403D11C175FC34D41E073288230D5DAFB250B92DE9EFE27D5,73c47211-36b1-5984-a3b0-8c724c214628,Teaching Methodology Certificate,Rwanda Education Board
8B4AED4A02FA3F6ADA639F809167747BFF2A5D7FD03AE04A3023C35422E5E61F,60e2e074-a0ac-5fa7-a2a0-7ee6beec66f2,Teaching Methodology Certificate,Rwanda Education Board
7853397A5F459443D0D6BBA618E2C1F583E0496A8CE514828A872176CF7FE491,bcbe8706-c55e-58bf-b4af-505edc8ba8fc,Teaching Methodology Certificate,Rwanda Education Board
8B9FDACC40C4318B332FCB195B7BA42F02643B4B819BB99D729CDEA80F383694,7661d976-5947-5a05-a0cb-b5fbffcb099f,Certified Public Accountant (CPA),ICPAR
8B9FDACC40C4318B332FCB195B7BA42F02643B4B819BB99D729CDEA80F383694,7661d976-5947-5a05-a0cb-b5fbffcb099f,Project Management Professional (PMP),PMI
78B60FA8ACB1E40683A0D001A1D9E6F03280F4D787A5FAC61094D5EED99FC54B,a65c263a-fcfe-5a70-b543-8f68153c5a06,Project Management Professional (PMP),PMI
78B60FA8ACB1E40683A0D001A1D9E6F03280F4D787A5FAC61094D5EED99FC54B,a65c263a-fcfe-5a70-b543-8f68153c5a06,Certified Public Accountant (CPA),ICPAR
8CA051A77E6DF48F522245B25DFA7B27AE60D4C5B52FA8AEF68AF1B7909E09F1,809d6872-2fad-5a54-85f7-40e322294cfd,Teaching Methodology Certificate,Rwanda Education Board
6C289587F7C307130B94E881A9DA75EAF00AB124C6D0EA89134734DFAFD846B9,93e3aa4a-1662-5e24-bfd6-aa5da901d482,CompTIA IT Fundamentals,CompTIA
6C289587F7C307130B94E881A9DA75EAF00AB124C6D0EA89134734DFAFD846B9,93e3aa4a-1662-5e24-bfd6-aa5da901d482,AWS Certified Cloud Practitioner,Amazon Web Services
6C31EDAD5F17A3F104198611CB3D9D3A28D7C2B40EECFFE97F54B3B3F85B1E08,00544f46-e0e9-521a-9c0d-badcc275900c,Project Management Professional (PMP),PMI
8DE2281822F82B8E8EBA26D6632CB08091948959138370B06C95A036521E703A,3c92d10f-df7e-553f-ac84-5875e497a5a4,Teaching Methodology Certificate,Rwanda Education Board
6D17CFF2F5FC6976D2CA089E1442C426B3EF1A73E718ADCBC0F066F24E92E6A3,59ddb131-2541-5b46-b8d9-6371d861d383,Teaching Methodology Certificate,Rwanda Education Board
7A1B616121EB38768DAD6B5A9A5332BBF17DA17F6742154B68CC3055D669FB6D,d8109318-f5fd-53eb-961a-6e447d212bfc,AutoCAD Certified User,Autodesk
8D4D724A3699C7AB214A5BAAF0D0F4501ED25A6E6B9C0C671B00BB93FC5AD7B8,bb90e712-ca5d-553c-bb72-6ddb8fad9e23,Certified Public Accountant (CPA),ICPAR
6D2F3F242774B6BD5AB9D30AEDA0229C5D746F0FAC7FB1373C2BE419EF048D83,50417fbb-1fdf-5713-a89b-3e62517ba876,Certified Public Accountant (CPA),ICPAR
8E3C4A8C371A85B342C4F58EC0CFA225A0B6EE07DA64B91970819F960D7500D3,cf0b88c4-405f-581e-8b16-a2f8bf2ea960,Project Management Professional (PMP),PMI
8E3C4A8C371A85B342C4F58EC0CFA225A0B6EE07DA64B91970819F960D7500D3,cf0b88c4-405f-581e-8b16-a2f8bf2ea960,Certified Public Accountant (CPA),ICPAR
8E16F2A45BA72BD680E4C25C582EF37071CAC1F33978740FF7FEF55D8E7F90ED,cd2d564a-f7aa-5365-908c-17b5ec37bcbb,Teaching Methodology Certificate,Rwanda Education Board
7B61BEC2B800D08B39142C57C9CE22C632D023161CC2032E1ABD12B50E49651C,55d26037-84f1-5a85-a1aa-0f23bda5bc76,Certified Public Accountant (CPA),ICPAR
7B621059072E224470FA1A0286AB9F4111E1840367D9C1352985C89020BD92E3,462a57ae-bf3f-5bba-835c-47ea89b2b114,Project Management Professional (PMP),PMI
6E68076B51477769C6B9B6624E78E7462E52921731866C9B6FC39785FA4C8C4E,01268ccd-3579-5c0c-b2e4-58fbd99d855a,Certified Public Accountant (CPA),ICPAR
6F36AA333AAB916C42E90810A22E69D29E874599BA292CAD70A84406A13C6D4A,4718e652-6fae-52c3-902b-e7b3400f0af2,Basic Life Support (BLS),Rwanda Red Cross
6FCC9E5E39D02824D3B508F8A69207DA66F3EA8266DBA4925AA98A289D2692FF,1d72dabd-a6b4-5465-a762-36a00e491a78,Certified Public Accountant (CPA),ICPAR
9105C9AD2BBD5D158BF1FDDBDA812D23CA19A67A5009E0F599BE7C03F3D2AB29,e3495ce5-f654-583f-83e1-37b5a4024aae,Teaching Methodology Certificate,Rwanda Education Board
928092746EC5F115CA6A57F8F4175F8E16EAF5B3A8D5D8A41E1F3C7DDEFBB686,eeb061ee-768f-5551-8ff8-2c437a6a976f,Teaching Methodology Certificate,Rwanda Education Board
917AD7F7559D2C4D46F46C19C63CBF5D76636FF59DB625AEA186383311E09DEE,debcb10b-f33b-5aa9-ab21-5a1de7f26928,Project Management Professional (PMP),PMI
917AD7F7559D2C4D46F46C19C63CBF5D76636FF59DB625AEA186383311E09DEE,debcb10b-f33b-5aa9-ab21-5a1de7f26928,Certified Public Accountant (CPA),ICPAR
93EAF1630F68F7CED13DEB7521CB02498C01F9E0F65159EDAB1D598E576907E4,cd6abd53-dbce-516d-9f70-1dee36876e2f,Project Management Professional (PMP),PMI
72465E4DBDBEA8AB15ED5EB9061F9276A0463C4C140773E422C3C0BE960F81A2,640b33a9-7fe1-57ec-9b66-673bff900fa2,Certified Public Accountant (CPA),ICPAR
7FD9FE863A6634A6DDC9181658683F6B400D8A5603939A77974CBFE94E5F6A13,b252b0a2-edfd-54e7-8033-15799dba0146,Teaching Methodology Certificate,Rwanda Education Board
94663983A21A4C3BE629DE4CFB051E78963213E6C02644561007EB94A70BE512,b740f9c2-d971-5f00-aa6c-ce2f0eada759,AutoCAD Certified User,Autodesk
7FFF4E97FD995D5C26D32316A47F959B49A74B858C81594140819B9EA8DC9DAD,ec798daf-9759-5908-a982-e8933b7cf641,Teaching Methodology Certificate,Rwanda Education Board
7304FC416BDFCC8858F408AB3A44DB13A6D2713D445063D980EB87FB4BD8D947,4e1e65f9-ecfc-5315-a07c-d244a0d22878,Teaching Methodology Certificate,Rwanda Education Board
80C75C2FEEF94BFDACE570942381D7E722E10759C1013EACE6846BB6D541B066,3dfa1c8a-1592-526c-865f-d5d0c0cbd91c,Teaching Methodology Certificate,Rwanda Education Board
93C3CA5397E1A2B31E27CE76D990AAFDF425752B39216425A4A8AE5936CAC598,31003f61-61bd-5521-9174-66f94038e35f,Teaching Methodology Certificate,Rwanda Education Board
952AE9C1D98E807FE551E6198232FB154F7656F75B1AF5319E7243D5063092CC,10556d0f-1689-5444-b365-9bc5e8ad8fe7,AWS Certified Cloud Practitioner,Amazon Web Services
952AE9C1D98E807FE551E6198232FB154F7656F75B1AF5319E7243D5063092CC,10556d0f-1689-5444-b365-9bc5e8ad8fe7,CompTIA IT Fundamentals,CompTIA
93EC4FC2A4154EB1B691DFB174AEC8CF5D2F52F152178961971DA87D98FA3528,871df9e6-adf8-5c72-8ecc-65862ac47319,Project Management Professional (PMP),PMI
95FDE0B1C87852CB4CD616C3BABE078095D4A090756A66AF3F3522DB4F84236A,ae012976-8fd8-5507-978e-154afcdb49c9,CompTIA IT Fundamentals,CompTIA
95FDE0B1C87852CB4CD616C3BABE078095D4A090756A66AF3F3522DB4F84236A,ae012976-8fd8-5507-978e-154afcdb49c9,AWS Certified Cloud Practitioner,Amazon Web Services
81E93EAE843CF6789C763A0EB3BA42B4F5C19FBAC9AF8B4D01C89ADEF52E1577,84884b4a-7f7e-5c5c-8686-4af697b1c98d,Teaching Methodology Certificate,Rwanda Education Board
96787FDD541061DF5600DA799C1923AED0F8FB87B549D77995CAB6672BE49DD8,e55e9861-0bc7-5c68-8e2c-1804f8ae4e53,Certified Public Accountant (CPA),ICPAR
828541BCECD69BF5C60AEB6A1965F0D7B96168CB3F64B70E13B6851773F4515C,931e3e0b-885d-5c57-9f49-9aaf1c0eb070,Teaching Methodology Certificate,Rwanda Education Board
82E5EC13F7BEF9CEDDD1EE5CF5395B635567BFC0DAE652005D903F7B0644846E,4afcec08-9ac6-5389-9fa5-93078408e4db,Basic Life Support (BLS),Rwanda Red Cross
7569926A030FA39417B72E556AD9193137E09AFB60A7BCDDE754F6313102A6B7,6636e998-cb1a-570d-b5ef-c3fa9774a590,Basic Life Support (BLS),Rwanda Red Cross
9834CD42F3A749AEDF2255FD28232568E48F43D49823E8B3883DCF8EDB98E8A4,bf8302b8-9182-5742-a69f-184503754201,Certified Public Accountant (CPA),ICPAR
96A3CC2293E6F147126D6AA46A5C9646622AFFA70DA7CD614C873822F49614F7,fd3441d9-3445-5a24-a365-6bf591c3d4f5,AutoCAD Certified User,Autodesk
98ADF70DF3114F972D368FBE9FDE8ACFE8352815B56C271D4270260A5AC879EA,82424c3d-1499-5010-8daa-349506943728,Certified Public Accountant (CPA),ICPAR
98ADF70DF3114F972D368FBE9FDE8ACFE8352815B56C271D4270260A5AC879EA,82424c3d-1499-5010-8daa-349506943728,Project Management Professional (PMP),PMI
96D4E8778F8ED9CB8000413759DC19FCF9BA880AD14A052C7A0CCD3AED9E8EEE,8b8bb1e1-a186-5701-8ff8-cd6220393f5d,AutoCAD Certified User,Autodesk
98C8B0FFA781DC0095F122A76F8D4BA9B8E587C9BDFE354F002C9A7050A6D4D1,fa534187-6297-58a6-8864-3e0ff274a1cf,AutoCAD Certified User,Autodesk
841FC7E963D46D4DE5027A3A88B3026E455D7E51D4D5DC526D31AC5CD4011DAD,8a9b1c4e-f0b2-5994-917e-bcd3cb57920d,Teaching Methodology Certificate,Rwanda Education Board
8434172B8F4F779EAB3009E50C599F8994C4A43A42F861DACFCFFD8B4640DC8F,8c25648e-ecae-588c-9123-fb6fd52af990,Certified Public Accountant (CPA),ICPAR
8434172B8F4F779EAB3009E50C599F8994C4A43A42F861DACFCFFD8B4640DC8F,8c25648e-ecae-588c-9123-fb6fd52af990,Project Management Professional (PMP),PMI
845C20718A1315E36DE43E278AA975677F792C347142FDEFDEA411AF61E874BF,aab634e0-7353-57ef-8134-1968408a553b,CompTIA IT Fundamentals,CompTIA
845C20718A1315E36DE43E278AA975677F792C347142FDEFDEA411AF61E874BF,aab634e0-7353-57ef-8134-1968408a553b,AWS Certified Cloud Practitioner,Amazon Web Services
771789A5E6AA105BEAF04885A690F31974EB9628BB314C63FC0B8FD157D485FA,38effb1a-808f-5e8f-8ae7-716f0cefdfa5,Teaching Methodology Certificate,Rwanda Education Board
84B04E7C77248C80E6D28E5E3FD8283BF7C4D63076AA1C01779E22D741536AF4,24828672-faea-551b-abc7-db7253cbf41d,Certified Public Accountant (CPA),ICPAR
84B04E7C77248C80E6D28E5E3FD8283BF7C4D63076AA1C01779E22D741536AF4,24828672-faea-551b-abc7-db7253cbf41d,Project Management Professional (PMP),PMI
9A378C443E7A79CD42B90CECC3FE2BC38335DD8DA05C5D3407D463A4CB19195B,e52a39e9-aebb-5dd2-b3cc-e0c02dd6b9a1,Teaching Methodology Certificate,Rwanda Education Board
78B1CBB6D4D96590848B6A915BE2E7D8F33D5F024CC98EB8A7C9AA5F2E81FAEF,a009adbc-27f6-5bb3-96ce-37e4b7494323,Certified Public Accountant (CPA),ICPAR
9C3EE8D031F9CBE7A6794868A01C6D4D8A183E83FAF76C9E5FCDF7313EDC3E72,114690e1-da37-5211-84eb-f56da4884aaf,Certified Public Accountant (CPA),ICPAR
8797354C6FF49B68F3C9F13EA548CE9A357D123F0AA4226A131318536B643A7A,04156256-ff51-5c41-a654-947101226afc,Project Management Professional (PMP),PMI
7AB068D321630D353388BAF2593F2243A4704386E2717AB7B6B436DBE845D312,88413afd-656b-596d-b11f-9ec3d98b82d1,Teaching Methodology Certificate,Rwanda Education Board
9B43CF0246758C281C718EFCCDD92166FD94FDB4C20715C87866FFC5111504C4,6c56fad2-deba-5be4-8651-7babdc86f6fe,AWS Certified Cloud Practitioner,Amazon Web Services
9B43CF0246758C281C718EFCCDD92166FD94FDB4C20715C87866FFC5111504C4,6c56fad2-deba-5be4-8651-7babdc86f6fe,CompTIA IT Fundamentals,CompTIA
9D466D89FE6ED6A452CFB8B018A64C434615742659481B5D70784AA1AF7790F6,dac06ed4-58e3-5580-be35-a8a46cca5542,Certified Public Accountant (CPA),ICPAR
7B6387B8CD61F8AF101B3EA4066AC296B2E260AC1E5C81B265B81C5EA4B011C3,d3d8872c-f180-558e-adde-9f4562d03d26,Certified Public Accountant (CPA),ICPAR
7B6387B8CD61F8AF101B3EA4066AC296B2E260AC1E5C81B265B81C5EA4B011C3,d3d8872c-f180-558e-adde-9f4562d03d26,Project Management Professional (PMP),PMI
9DF282AF709FAFD19EE24BFE9BBFDBB00FD9711CA66A81FEC1867455BA309674,03a371d2-f288-5333-87b3-107e17de388d,Basic Life Support (BLS),Rwanda Red Cross
7B73D864703D18E72F24092C1BF5E1957BEC34CADD4E5E2288DBBE77C15609AD,cdebfb18-8412-57e6-8881-f7efef409f92,Certified Public Accountant (CPA),ICPAR
9C8E32757A4A59458DF99C73F659DE8F762F400DDAD6B10BFE13CABB69478201,09daffe8-dde9-56b8-9c01-813207d0705a,Teaching Methodology Certificate,Rwanda Education Board
A0106468CB1E6BE78E90E2120953DC8001FB6A5AA94ED6AF5CA77C7676F06716,cdb4280e-7b70-5cb1-acd9-89bb4dcd6633,AutoCAD Certified User,Autodesk
A03F7ED686786CE4024F56313E158953EC85CAD798B738D285B61080B8F07A1A,6008db76-dd5b-5561-a097-39eb6fa3b1e5,CompTIA IT Fundamentals,CompTIA
A03F7ED686786CE4024F56313E158953EC85CAD798B738D285B61080B8F07A1A,6008db76-dd5b-5561-a097-39eb6fa3b1e5,AWS Certified Cloud Practitioner,Amazon Web Services
A157BB9DC07AC7339AA78C07C0B4180F898B1ACC33FA018D8FB09A6289DDCB77,4b45925f-c8e9-5a92-b093-1e04715d361c,CompTIA IT Fundamentals,CompTIA
8C1F8E9BCA48727CE73B1BE27477C2D860871D6EE6466A8730A1A95CBF67F09E,8f045054-b3d0-53d6-af8f-3c315b3bc8a4,Basic Life Support (BLS),Rwanda Red Cross
8C8638C45FA0C795E6AC490710E486ED9BBE2933E1077174FA02E2D9CB9DF690,90eae413-bc2a-5345-a6c8-e3eae4611586,Teaching Methodology Certificate,Rwanda Education Board
8D53450E85455BF86B725EC4FF68F5C7243EF1ACB70BC49967537D3B0A76816C,2bb73a2b-0922-5e88-9dc9-5d1ed1e433e0,Certified Public Accountant (CPA),ICPAR
7F3C589ED7BAAF3485A9364539E504E32295AEC848BBC1165DB9286A0677DC10,92db0247-1e2b-5264-917c-46aff81c078f,Teaching Methodology Certificate,Rwanda Education Board
8D63657CA6D1AFBBCF8EEA7F770ACE5BF5B9B760551A94B1D842A712A561FDDD,c961e2bf-d361-5a6f-beb4-6b6388bcf697,Project Management Professional (PMP),PMI
8D63657CA6D1AFBBCF8EEA7F770ACE5BF5B9B760551A94B1D842A712A561FDDD,c961e2bf-d361-5a6f-beb4-6b6388bcf697,Certified Public Accountant (CPA),ICPAR
A091C19D0125B77240B978283E8BFE2F0857F89C57B2DDC14B77C8B04B539C0B,7e3a1837-f477-5a10-a77b-6baca545756c,Teaching Methodology Certificate,Rwanda Education Board
A1C072B7A1CF42B150F7A8853F184D776B025A4CB5C223B5E466F1DCAFDDC310,25944f73-5b86-5ce7-a2de-b49fd94e221b,Project Management Professional (PMP),PMI
A1C072B7A1CF42B150F7A8853F184D776B025A4CB5C223B5E466F1DCAFDDC310,25944f73-5b86-5ce7-a2de-b49fd94e221b,Certified Public Accountant (CPA),ICPAR
80931CA98B6437B6AD046CD99216C429BD0632759D3E7194BBC8AC22C6F08973,b5465433-71ff-5cb0-b223-8218dc142ad4,Basic Life Support (BLS),Rwanda Red Cross
8F2DC7CDAF22DF00A042C35E9D34F1CD740B638C2382E19F5366B904ED8C72FD,34e87d32-dc75-5a93-b9a1-c90d5d778c0c,Basic Life Support (BLS),Rwanda Red Cross
A2D17C46BC7661A3BCD001B9A64A44EA2BAC273E17847A9C058C953699AB2646,176718ee-3273-5caa-9199-9ccb51e4a175,Project Management Professional (PMP),PMI
901201D8159A2116095991EACB19883FBAE0829CEACFAC9E93B8F2F5C5B0CFEE,99455214-47b8-5420-b9f6-1c1d8cc550cd,Teaching Methodology Certificate,Rwanda Education Board
A56C7458FFE494EC3E8537C1C0BCBB594BE5CFAC657737C6E8CA73FCBE0A8FD6,7a7cf30e-f365-52ae-8617-cdb133d3f1fe,Basic Life Support (BLS),Rwanda Red Cross
82D80851F152CEB63D548DC5EAC9E6A7883E1D5923C980AE03AD3940AAD297C7,f65ba7b4-34c7-5fd5-9c2c-23682b127a66,CompTIA IT Fundamentals,CompTIA
83B1ACF6288CAA10317EAC6F5A897E8BCAC70ABEBE4CBBF7750FD2E56667E222,1e223553-8b6b-5348-9486-9e69e245aa78,AutoCAD Certified User,Autodesk
A7BF975B617AB5F87817DC6803419A9078E1B6241FCFE5FF770D9648E4C3326F,732b349d-9fcd-5ab6-946d-48cfed0cb7f2,Project Management Professional (PMP),PMI
A5AD6DF8273F3CAE7F78B5544541B8CF855B8D15037EA32C188DA61E116B0C21,ac6021c7-0c62-52b6-9e50-fd6cb6b5ea4a,Certified Public Accountant (CPA),ICPAR
A5AD6DF8273F3CAE7F78B5544541B8CF855B8D15037EA32C188DA61E116B0C21,ac6021c7-0c62-52b6-9e50-fd6cb6b5ea4a,Project Management Professional (PMP),PMI
A7EA325EBFB55723735AB574D4AE8D8C70559BC81FD48E7854D0369E5086E833,75ff9c65-1d77-53cc-94b5-0422b24f9caa,Teaching Methodology Certificate,Rwanda Education Board
A6764540C3F9FE355705576415F87A4FABF1D10CA224B71FE485DD0C4FF3A116,3d7fa05d-6184-5d2a-9f14-f6c32e6bf79d,Certified Public Accountant (CPA),ICPAR
A8BFA7E91BAB3A2D3CF5F8B07F4B274F0BE615EACF210C72F41BE034825660B6,b7f8ec4c-e9d1-5622-a86a-90dfe434ebff,Project Management Professional (PMP),PMI
A8BFA7E91BAB3A2D3CF5F8B07F4B274F0BE615EACF210C72F41BE034825660B6,b7f8ec4c-e9d1-5622-a86a-90dfe434ebff,Certified Public Accountant (CPA),ICPAR
A6A6667963141655AD513590618421112A10A4971847E916ED830F49AA5FB9E4,056d6b55-8a59-5748-a6c5-407a2f029219,Project Management Professional (PMP),PMI
A6A6667963141655AD513590618421112A10A4971847E916ED830F49AA5FB9E4,056d6b55-8a59-5748-a6c5-407a2f029219,Certified Public Accountant (CPA),ICPAR
85D7BDAD974D85A7031756F8D530583EE1C01D2E464029242FE90B0FA0211A31,66737813-38f1-553f-a6d4-2a9c8b7ae2cb,Certified Public Accountant (CPA),ICPAR
85D7BDAD974D85A7031756F8D530583EE1C01D2E464029242FE90B0FA0211A31,66737813-38f1-553f-a6d4-2a9c8b7ae2cb,Project Management Professional (PMP),PMI
A9299F3E9840DF91CDF9840D264DF1D5278B8B708656A943BDA821253D592DD8,55d12d92-1605-5f9f-a06b-9b0fbc1361c1,Basic Life Support (BLS),Rwanda Red Cross
A701D8F5DB79F046255B3480CCB1F734E7E64CE011705A1F84DD2534BFB71C7A,4bf177a3-f181-502c-99cd-09989c56d65f,Teaching Methodology Certificate,Rwanda Education Board
AA5BA45A9A4D4E69D6E8C632AAEDEF5F320C3D3A768FFD3458D28A5B729E0958,a79b5661-c2a8-592f-bf9e-16201be71dd5,AWS Certified Cloud Practitioner,Amazon Web Services
87321A89945F0B21F498C1C44F8754749389EBB371BA79B2C9A0BBAA9FC9F40A,d1c0f5ac-084d-5706-a852-4f85ddf2171b,Teaching Methodology Certificate,Rwanda Education Board
877F5C5291FE5F7E44915CE8E45B5EECB554423640ECA6A1BD4DD8B6C48734D1,25546da7-5653-50dc-a770-4b87a3006edc,Teaching Methodology Certificate,Rwanda Education Board
A94AA10F082DB355B603E2C5C9695C0AA1F9A5044F9D43F99FD627813668FA39,4a48d2b3-8b7f-5f06-8575-f474f5886900,Project Management Professional (PMP),PMI
AB16FB643FD310EAB765DEA6B6F736219AABB59C11BC34F63EF232836928202E,5e385bde-ea2c-5a44-86ff-b3a226e871e2,Certified Public Accountant (CPA),ICPAR
AB93EAE266FBD76B01F3A0E66AF94B9F538A51CB53B75C3183800FF69769F19E,f2145986-1344-5662-9ed0-b4ee3771cae3,Project Management Professional (PMP),PMI
AC393A73A33B68043532A80CB9B0B0DE27071FFCBF8905C8D4F98CD3799F0EB6,a6919ded-5010-54dd-9db7-8220ff00b879,Project Management Professional (PMP),PMI
AC0BBBFEA3AF5B7931C24F3C62690CAFBFF3463877A970C0303C23F92F7F05EB,76879a95-247c-5a0e-bcf1-5f055af99894,CompTIA IT Fundamentals,CompTIA
AC0BBBFEA3AF5B7931C24F3C62690CAFBFF3463877A970C0303C23F92F7F05EB,76879a95-247c-5a0e-bcf1-5f055af99894,AWS Certified Cloud Practitioner,Amazon Web Services
AC2015B0CEF3C77BDDCEAC39C98B509CA5FC6239AFEE4607362656F839890445,cddfe920-37ed-5b00-8846-1ffa624f9ec3,Project Management Professional (PMP),PMI
AC2015B0CEF3C77BDDCEAC39C98B509CA5FC6239AFEE4607362656F839890445,cddfe920-37ed-5b00-8846-1ffa624f9ec3,Certified Public Accountant (CPA),ICPAR
AC658E8CEBB9A4220F2052BD4383DAF34BC9E61A91F41759A3703531F6543087,61f79bed-ae44-5375-893d-9ad40743c4e2,AWS Certified Cloud Practitioner,Amazon Web Services
AD0D45D8E4CA8E11BB217E5EF1BCF668915A19914F9C7F761AB0645F688D8D56,86d8e2ca-d8f8-58a0-87a8-eb1db5a92d81,Teaching Methodology Certificate,Rwanda Education Board
ADC4BFF698A723C631E3795B1588663E163AB6C1C3163D01251DE6BAA41B7BAB,0da47e4d-89a1-5fdc-b458-4e52f66adb11,AutoCAD Certified User,Autodesk
