id,name,legal_name,slug,industry,industries,size,founded_year,headquarters_location,website,description,short_description,verification_status,verification_badge,verification_level,domain,created_at
47f78d9e-5fd5-57bf-aa7f-abb47fe487df,RUHANGO DISTRICT,RUHANGO DISTRICT,ruhango-district-530,Government / Public Service,['Public Service'],201-500,1963,"{""city"": ""Karongi"", ""country"": ""Rwanda""}",https://ruhango-district.gov.rw,RUHANGO DISTRICT is a public institution of the Government of Rwanda.,Government institution: RUHANGO DISTRICT,verified,True,government,ruhango-district.gov.rw,2025-04-11 19:18:48.133962+00:00
2cba1cd1-01b2-585b-a41f-40719659af36,NGOMA DISTRICT,NGOMA DISTRICT,ngoma-district-7866,Government / Public Service,['Public Service'],1001-5000,1968,"{""city"": ""Ngoma"", ""country"": ""Rwanda""}",https://ngoma-district.gov.rw,NGOMA DISTRICT is a public institution of the Government of Rwanda.,Government institution: NGOMA DISTRICT,verified,True,government,ngoma-district.gov.rw,2025-09-14 19:18:48.135430+00:00
0ca9c11c-8d09-5737-9fd5-50da983015af,RWANDA FOOD AND DRUGS AUTHORITY,RWANDA FOOD AND DRUGS AUTHORITY,rwanda-food-and-drugs-authority-2434,Government / Public Service,['Public Service'],1001-5000,1972,"{""city"": ""Rubavu"", ""country"": ""Rwanda""}",https://rwanda-food-and-drugs-authority.gov.rw,RWANDA FOOD AND DRUGS AUTHORITY is a public institution of the Government of Rwanda.,Government institution: RWANDA FOOD AND DRUGS AUTHORITY,verified,True,government,rwanda-food-and-drugs-authority.gov.rw,2024-12-19 19:18:48.138631+00:00
56d2f24d-b50d-5a99-94e4-02af46b5acaf,RWANDA HOUSING AUTHORITY,RWANDA HOUSING AUTHORITY,rwanda-housing-authority-8520,Government / Public Service,['Public Service'],501-1000,1977,"{""city"": ""Bugesera"", ""country"": ""Rwanda""}",https://rwanda-housing-authority.gov.rw,RWANDA HOUSING AUTHORITY is a public institution of the Government of Rwanda.,Government institution: RWANDA HOUSING AUTHORITY,verified,True,government,rwanda-housing-authority.gov.rw,2024-06-14 19:18:48.140218+00:00
ea57dad2-1ad5-5d85-b3e2-419c988cf789,NYAGATARE DISTRICT,NYAGATARE DISTRICT,nyagatare-district-3407,Government / Public Service,['Public Service'],1001-5000,1969,"{""city"": ""Nyagatare"", ""country"": ""Rwanda""}",https://nyagatare-district.gov.rw,NYAGATARE DISTRICT is a public institution of the Government of Rwanda.,Government institution: NYAGATARE DISTRICT,verified,True,government,nyagatare-district.gov.rw,2025-02-20 19:18:48.141254+00:00
df7f48ff-d7a0-5e14-bcac-b031721cb870,NYAMASHEKE DISTRICT,NYAMASHEKE DISTRICT,nyamasheke-district-1327,Government / Public Service,['Public Service'],501-1000,1999,"{""city"": ""Nyamasheke"", ""country"": ""Rwanda""}",https://nyamasheke-district.gov.rw,NYAMASHEKE DISTRICT is a public institution of the Government of Rwanda.,Government institution: NYAMASHEKE DISTRICT,verified,True,government,nyamasheke-district.gov.rw,2025-05-06 19:18:48.143067+00:00
09037bcf-d828-50d4-8301-991fda242c53,Ministry of Public Investments and Privatization,Ministry of Public Investments and Privatization,ministry-of-public-investments-and-privatization-9273,Government / Public Service,['Public Service'],201-500,1965,"{""city"": ""Huye"", ""country"": ""Rwanda""}",https://ministry-of-public-investments-and-privatization.gov.rw,Ministry of Public Investments and Privatization is a public institution of the Government of Rwanda.,Government institution: Ministry of Public Investments and Privatization,verified,True,government,ministry-of-public-investments-and-privatization.gov.rw,2023-12-03 19:18:48.143990+00:00
b48f5840-b3ad-581e-977f-655b68b83732,UNIVERSITY OF RWANDA,UNIVERSITY OF RWANDA,university-of-rwanda-4171,Government / Public Service,['Public Service'],10000+,1980,"{""city"": ""Nyagatare"", ""country"": ""Rwanda""}",https://university-of-rwanda.gov.rw,UNIVERSITY OF RWANDA is a public institution of the Government of Rwanda.,Government institution: UNIVERSITY OF RWANDA,verified,True,government,university-of-rwanda.gov.rw,2024-01-04 19:18:48.145228+00:00
fff3e870-09bd-55ae-a770-c558a61b9c12,RWANDA BIO MEDICAL CENTER,RWANDA BIO MEDICAL CENTER,rwanda-bio-medical-center-9738,Government / Public Service,['Public Service'],1001-5000,1978,"{""city"": ""Gicumbi"", ""country"": ""Rwanda""}",https://rwanda-bio-medical-center.gov.rw,RWANDA BIO MEDICAL CENTER is a public institution of the Government of Rwanda.,Government institution: RWANDA BIO MEDICAL CENTER,verified,True,government,rwanda-bio-medical-center.gov.rw,2024-02-01 19:18:48.146207+00:00
30d0d5e5-7597-5c8c-a2fc-475f3f56cf79,KAMONYI DISTRICT,KAMONYI DISTRICT,kamonyi-district-2209,Government / Public Service,['Public Service'],1001-5000,2004,"{""city"": ""Nyamasheke"", ""country"": ""Rwanda""}",https://kamonyi-district.gov.rw,KAMONYI DISTRICT is a public institution of the Government of Rwanda.,Government institution: KAMONYI DISTRICT,verified,True,government,kamonyi-district.gov.rw,2025-08-02 19:18:48.147164+00:00
095aeb11-7497-50e3-9448-15f9a12a6d07,RWANDA BASIC EDUCATION BOARD,RWANDA BASIC EDUCATION BOARD,rwanda-basic-education-board-3601,Government / Public Service,['Public Service'],201-500,1966,"{""city"": ""Rusizi"", ""country"": ""Rwanda""}",https://rwanda-basic-education-board.gov.rw,RWANDA BASIC EDUCATION BOARD is a public institution of the Government of Rwanda.,Government institution: RWANDA BASIC EDUCATION BOARD,verified,True,government,rwanda-basic-education-board.gov.rw,2024-06-07 19:18:48.148037+00:00
3072086c-23c7-5d94-ab83-8a26850e0780,NYABIHU DISTRICT,NYABIHU DISTRICT,nyabihu-district-1353,Government / Public Service,['Public Service'],10000+,2013,"{""city"": ""Burera"", ""country"": ""Rwanda""}",https://nyabihu-district.gov.rw,NYABIHU DISTRICT is a public institution of the Government of Rwanda.,Government institution: NYABIHU DISTRICT,verified,True,government,nyabihu-district.gov.rw,2025-03-19 19:18:48.148870+00:00
d5d4f331-8023-54d0-9e47-45ac59d2786d,NATIONAL LAND AUTHORITY,NATIONAL LAND AUTHORITY,national-land-authority-3796,Government / Public Service,['Public Service'],1001-5000,1994,"{""city"": ""Gakenke"", ""country"": ""Rwanda""}",https://national-land-authority.gov.rw,NATIONAL LAND AUTHORITY is a public institution of the Government of Rwanda.,Government institution: NATIONAL LAND AUTHORITY,verified,True,government,national-land-authority.gov.rw,2024-02-04 19:18:48.150437+00:00
991f005e-39cc-55c7-93da-f1b14fa73994,National Commission for Human Rights,National Commission for Human Rights,national-commission-for-human-rights-8491,Government / Public Service,['Public Service'],10000+,1976,"{""city"": ""Musanze"", ""country"": ""Rwanda""}",https://national-commission-for-human-rights.gov.rw,National Commission for Human Rights is a public institution of the Government of Rwanda.,Government institution: National Commission for Human Rights,verified,True,government,national-commission-for-human-rights.gov.rw,2024-01-05 19:18:48.152204+00:00
19087e75-e078-5bad-9dcc-999331552532,RUTSIRO District,RUTSIRO District,rutsiro-district-5998,Government / Public Service,['Public Service'],501-1000,1993,"{""city"": ""Rutsiro"", ""country"": ""Rwanda""}",https://rutsiro-district.gov.rw,RUTSIRO District is a public institution of the Government of Rwanda.,Government institution: RUTSIRO District,verified,True,government,rutsiro-district.gov.rw,2025-05-07 19:18:48.153974+00:00
163d42bb-aceb-596c-afd9-e2b43bb5cc68,RWANDA DEMOBILIZATION AND REINTEGRATION COMMISSION,RWANDA DEMOBILIZATION AND REINTEGRATION COMMISSION,rwanda-demobilization-and-reintegration-commission-2816,Government / Public Service,['Public Service'],1001-5000,2015,"{""city"": ""Nyarugenge"", ""country"": ""Rwanda""}",https://rwanda-demobilization-and-reintegration-commission.gov.rw,RWANDA DEMOBILIZATION AND REINTEGRATION COMMISSION is a public institution of the Government of Rwanda.,Government institution: RWANDA DEMOBILIZATION AND REINTEGRATION COMMISSION,verified,True,government,rwanda-demobilization-and-reintegration-commission.gov.rw,2024-08-23 19:18:48.154788+00:00
8a7a1c75-89f5-5834-82ab-5d468cc98899,Ministry of Finance and Economic Planning,Ministry of Finance and Economic Planning,ministry-of-finance-and-economic-planning-4560,Government / Public Service,['Public Service'],201-500,1981,"{""city"": ""Ngoma"", ""country"": ""Rwanda""}",https://ministry-of-finance-and-economic-planning.gov.rw,Ministry of Finance and Economic Planning is a public institution of the Government of Rwanda.,Government institution: Ministry of Finance and Economic Planning,verified,True,government,ministry-of-finance-and-economic-planning.gov.rw,2024-01-24 19:18:48.157397+00:00
ccdd88e7-36d4-5f77-8419-148f566e219f,RUSIZI DISTRICT,RUSIZI DISTRICT,rusizi-district-7988,Government / Public Service,['Public Service'],10000+,1973,"{""city"": ""Rusizi"", ""country"": ""Rwanda""}",https://rusizi-district.gov.rw,RUSIZI DISTRICT is a public institution of the Government of Rwanda.,Government institution: RUSIZI DISTRICT,verified,True,government,rusizi-district.gov.rw,2023-11-27 19:18:48.158600+00:00
40e23b58-8058-58f4-b61c-dfdb9c96bed7,RP KITABI COLLEGE,RP KITABI COLLEGE,rp-kitabi-college-2683,Government / Public Service,['Public Service'],1001-5000,1997,"{""city"": ""Gasabo"", ""country"": ""Rwanda""}",https://rp-kitabi-college.gov.rw,RP KITABI COLLEGE is a public institution of the Government of Rwanda.,Government institution: RP KITABI COLLEGE,verified,True,government,rp-kitabi-college.gov.rw,2024-07-06 19:18:48.159463+00:00
1cc90452-1205-5182-b85d-1874e4c0b5aa,CENTRAL UNIVERSITY HOSPITAL OF BUTARE,CENTRAL UNIVERSITY HOSPITAL OF BUTARE,central-university-hospital-of-butare-8603,Government / Public Service,['Public Service'],1001-5000,2006,"{""city"": ""Muhanga"", ""country"": ""Rwanda""}",https://central-university-hospital-of-butare.gov.rw,CENTRAL UNIVERSITY HOSPITAL OF BUTARE is a public institution of the Government of Rwanda.,Government institution: CENTRAL UNIVERSITY HOSPITAL OF BUTARE,verified,True,government,central-university-hospital-of-butare.gov.rw,2025-03-15 19:18:48.160294+00:00
0639878e-0707-52a3-a2f9-7e66fd0561b0,INSTITUTE OF LEGAL PRACTICE AND DEVELOPMENT,INSTITUTE OF LEGAL PRACTICE AND DEVELOPMENT,institute-of-legal-practice-and-development-2031,Government / Public Service,['Public Service'],10000+,1968,"{""city"": ""Gasabo"", ""country"": ""Rwanda""}",https://institute-of-legal-practice-and-development.gov.rw,INSTITUTE OF LEGAL PRACTICE AND DEVELOPMENT is a public institution of the Government of Rwanda.,Government institution: INSTITUTE OF LEGAL PRACTICE AND DEVELOPMENT,verified,True,government,institute-of-legal-practice-and-development.gov.rw,2024-05-09 19:18:48.161152+00:00
99fc44bf-3a5d-5cf2-bb48-d634310e7de8,RWANDA AGRICULTURE AND ANIMAL RESOURCES DEVELOPEMENT BOARD,RWANDA AGRICULTURE AND ANIMAL RESOURCES DEVELOPEMENT BOARD,rwanda-agriculture-and-animal-resources-developement-board-7448,Government / Public Service,['Public Service'],201-500,2001,"{""city"": ""Nyamasheke"", ""country"": ""Rwanda""}",https://rwanda-agriculture-and-animal-resources-developement-board.gov.rw,RWANDA AGRICULTURE AND ANIMAL RESOURCES DEVELOPEMENT BOARD is a public institution of the Government of Rwanda.,Government institution: RWANDA AGRICULTURE AND ANIMAL RESOURCES DEVELOPEMENT BOARD,verified,True,government,rwanda-agriculture-and-animal-resources-developement-board.gov.rw,2023-10-28 19:18:48.162288+00:00
36d554e4-6fbb-53ca-aae7-53010481a5f7,MUHANGA DISTRICT,MUHANGA DISTRICT,muhanga-district-7701,Government / Public Service,['Public Service'],201-500,2010,"{""city"": ""Muhanga"", ""country"": ""Rwanda""}",https://muhanga-district.gov.rw,MUHANGA DISTRICT is a public institution of the Government of Rwanda.,Government institution: MUHANGA DISTRICT,verified,True,government,muhanga-district.gov.rw,2023-11-04 19:18:48.164441+00:00
b483bb3a-2b51-5e1c-9ff4-3e206ca73582,CITY OF KIGALI,CITY OF KIGALI,city-of-kigali-8958,Government / Public Service,['Public Service'],10000+,1991,"{""city"": ""Nyamagabe"", ""country"": ""Rwanda""}",https://city-of-kigali.gov.rw,CITY OF KIGALI is a public institution of the Government of Rwanda.,Government institution: CITY OF KIGALI,verified,True,government,city-of-kigali.gov.rw,2025-06-07 19:18:48.167570+00:00
4f3db897-894d-5b06-bbb4-bf47a088b696,"RWANDA INSPECTORATE , COMPETITION  AND CONSUMER PROTECTION  AUTHORITY","RWANDA INSPECTORATE , COMPETITION  AND CONSUMER PROTECTION  AUTHORITY",rwanda-inspectorate-competition-and-consumer-protection-authority-3633,Government / Public Service,['Public Service'],10000+,2006,"{""city"": ""Karongi"", ""country"": ""Rwanda""}",https://rwanda-inspectorate-competition-and-consumer-protection-authority.gov.rw,"RWANDA INSPECTORATE , COMPETITION  AND CONSUMER PROTECTION  AUTHORITY is a public institution of the Government of Rwanda.","Government institution: RWANDA INSPECTORATE , COMPETITION  AND CONSUMER PROTECTION  AUTHORITY",verified,True,government,rwanda-inspectorate-competition-and-consumer-protection-authority.gov.rw,2024-09-06 19:18:48.170253+00:00
989442ff-65f9-5a8f-b7be-b738789db8ba,RP MUSANZE COLLEGE,RP MUSANZE COLLEGE,rp-musanze-college-9964,Government / Public Service,['Public Service'],201-500,2002,"{""city"": ""Musanze"", ""country"": ""Rwanda""}",https://rp-musanze-college.gov.rw,RP MUSANZE COLLEGE is a public institution of the Government of Rwanda.,Government institution: RP MUSANZE COLLEGE,verified,True,government,rp-musanze-college.gov.rw,2024-02-25 19:18:48.171146+00:00
b4ac750b-a2c8-509c-a7d2-ba186be70088,RP TUMBA COLLEGE,RP TUMBA COLLEGE,rp-tumba-college-2649,Government / Public Service,['Public Service'],10000+,2013,"{""city"": ""Bugesera"", ""country"": ""Rwanda""}",https://rp-tumba-college.gov.rw,RP TUMBA COLLEGE is a public institution of the Government of Rwanda.,Government institution: RP TUMBA COLLEGE,verified,True,government,rp-tumba-college.gov.rw,2024-12-08 19:18:48.172199+00:00
850a9fe3-e6e6-5af6-a956-e50c7dad50c9,KARONGI District,KARONGI District,karongi-district-2484,Government / Public Service,['Public Service'],1001-5000,1993,"{""city"": ""Karongi"", ""country"": ""Rwanda""}",https://karongi-district.gov.rw,KARONGI District is a public institution of the Government of Rwanda.,Government institution: KARONGI District,verified,True,government,karongi-district.gov.rw,2025-08-21 19:18:48.173103+00:00
acb46cb6-5ce1-5add-a2e8-684046beb7a0,RWANDA TRANSPORT DEVELOPMENT AGENCY,RWANDA TRANSPORT DEVELOPMENT AGENCY,rwanda-transport-development-agency-1415,Government / Public Service,['Public Service'],201-500,1984,"{""city"": ""Burera"", ""country"": ""Rwanda""}",https://rwanda-transport-development-agency.gov.rw,RWANDA TRANSPORT DEVELOPMENT AGENCY is a public institution of the Government of Rwanda.,Government institution: RWANDA TRANSPORT DEVELOPMENT AGENCY,verified,True,government,rwanda-transport-development-agency.gov.rw,2024-04-24 19:18:48.174871+00:00
2e4a68ad-17b3-52cb-8477-bdcc3192a60e,RUBAVU DISTRICT,RUBAVU DISTRICT,rubavu-district-3415,Government / Public Service,['Public Service'],201-500,1982,"{""city"": ""Rubavu"", ""country"": ""Rwanda""}",https://rubavu-district.gov.rw,RUBAVU DISTRICT is a public institution of the Government of Rwanda.,Government institution: RUBAVU DISTRICT,verified,True,government,rubavu-district.gov.rw,2024-10-06 19:18:48.176431+00:00
3fcb36e2-946d-5fa4-8f12-4daf1e0ee358,KIREHE District,KIREHE District,kirehe-district-5582,Government / Public Service,['Public Service'],501-1000,1971,"{""city"": ""Rutsiro"", ""country"": ""Rwanda""}",https://kirehe-district.gov.rw,KIREHE District is a public institution of the Government of Rwanda.,Government institution: KIREHE District,verified,True,government,kirehe-district.gov.rw,2025-05-02 19:18:48.177315+00:00
15da6450-8593-5e88-bf88-24a301190e36,NYAMAGABE DISTRICT,NYAMAGABE DISTRICT,nyamagabe-district-8223,Government / Public Service,['Public Service'],1001-5000,1964,"{""city"": ""Nyamagabe"", ""country"": ""Rwanda""}",https://nyamagabe-district.gov.rw,NYAMAGABE DISTRICT is a public institution of the Government of Rwanda.,Government institution: NYAMAGABE DISTRICT,verified,True,government,nyamagabe-district.gov.rw,2025-05-06 19:18:48.178793+00:00
1d3e4db1-00f0-5eca-8451-c3f669797a62,"Rwanda Mines,petroleum And Gas Board","Rwanda Mines,petroleum And Gas Board",rwanda-mines-petroleum-and-gas-board-6144,Government / Public Service,['Public Service'],10000+,1998,"{""city"": ""Huye"", ""country"": ""Rwanda""}",https://rwanda-mines-petroleum-and-gas-board.gov.rw,"Rwanda Mines,petroleum And Gas Board is a public institution of the Government of Rwanda.","Government institution: Rwanda Mines,petroleum And Gas Board",verified,True,government,rwanda-mines-petroleum-and-gas-board.gov.rw,2023-12-22 19:18:48.179570+00:00
9bb84a42-8cd4-5d59-80cf-5b9583db52fa,RWANDA INFORMATION SOCIETY AUTHORITY,RWANDA INFORMATION SOCIETY AUTHORITY,rwanda-information-society-authority-8018,Government / Public Service,['Public Service'],501-1000,2011,"{""city"": ""Rubavu"", ""country"": ""Rwanda""}",https://rwanda-information-society-authority.gov.rw,RWANDA INFORMATION SOCIETY AUTHORITY is a public institution of the Government of Rwanda.,Government institution: RWANDA INFORMATION SOCIETY AUTHORITY,verified,True,government,rwanda-information-society-authority.gov.rw,2024-12-23 19:18:48.180354+00:00
c1319b37-62b6-545f-be11-1787b59014b8,RWANDA POLYTECHNIC,RWANDA POLYTECHNIC,rwanda-polytechnic-2023,Government / Public Service,['Public Service'],201-500,1981,"{""city"": ""Muhanga"", ""country"": ""Rwanda""}",https://rwanda-polytechnic.gov.rw,RWANDA POLYTECHNIC is a public institution of the Government of Rwanda.,Government institution: RWANDA POLYTECHNIC,verified,True,government,rwanda-polytechnic.gov.rw,2024-09-11 19:18:48.181234+00:00
569d7a80-d68b-525d-b2c7-e6a8c7d11404,Ministry of Health,Ministry of Health,ministry-of-health-9903,Government / Public Service,['Public Service'],10000+,1990,"{""city"": ""Kayonza"", ""country"": ""Rwanda""}",https://ministry-of-health.gov.rw,Ministry of Health is a public institution of the Government of Rwanda.,Government institution: Ministry of Health,verified,True,government,ministry-of-health.gov.rw,2024-06-30 19:18:48.182211+00:00
32c88a44-7bc5-50d7-8d85-9b6ba845ba1d,RULINDO DISTRICT,RULINDO DISTRICT,rulindo-district-7695,Government / Public Service,['Public Service'],1001-5000,2014,"{""city"": ""Rusizi"", ""country"": ""Rwanda""}",https://rulindo-district.gov.rw,RULINDO DISTRICT is a public institution of the Government of Rwanda.,Government institution: RULINDO DISTRICT,verified,True,government,rulindo-district.gov.rw,2024-01-31 19:18:48.182962+00:00
a2a8c6ff-df00-56c7-8b9e-753b82c3e093,LOCAL ADMINISTRATIVE INTITIES DEVELOPMENT AGENCY,LOCAL ADMINISTRATIVE INTITIES DEVELOPMENT AGENCY,local-administrative-intities-development-agency-6984,Government / Public Service,['Public Service'],501-1000,2008,"{""city"": ""Muhanga"", ""country"": ""Rwanda""}",https://local-administrative-intities-development-agency.gov.rw,LOCAL ADMINISTRATIVE INTITIES DEVELOPMENT AGENCY is a public institution of the Government of Rwanda.,Government institution: LOCAL ADMINISTRATIVE INTITIES DEVELOPMENT AGENCY,verified,True,government,local-administrative-intities-development-agency.gov.rw,2025-11-03 19:18:48.183676+00:00
e405f749-cbee-58bd-b1ac-ffa14b853a20,NATIONAL WOMEN COUNCIL,NATIONAL WOMEN COUNCIL,national-women-council-5926,Government / Public Service,['Public Service'],1001-5000,2015,"{""city"": ""Rutsiro"", ""country"": ""Rwanda""}",https://national-women-council.gov.rw,NATIONAL WOMEN COUNCIL is a public institution of the Government of Rwanda.,Government institution: NATIONAL WOMEN COUNCIL,verified,True,government,national-women-council.gov.rw,2024-01-05 19:18:48.184829+00:00
89ef17e7-ce34-5e50-93b4-b34fe9fb998c,Ministry in charge of Emergency Management,Ministry in charge of Emergency Management,ministry-in-charge-of-emergency-management-8936,Government / Public Service,['Public Service'],501-1000,2007,"{""city"": ""Rusizi"", ""country"": ""Rwanda""}",https://ministry-in-charge-of-emergency-management.gov.rw,Ministry in charge of Emergency Management is a public institution of the Government of Rwanda.,Government institution: Ministry in charge of Emergency Management,verified,True,government,ministry-in-charge-of-emergency-management.gov.rw,2025-02-22 19:18:48.185528+00:00
40e78a6b-70e0-5d55-ad1a-5599829b2f0d,SUPREME COURT,SUPREME COURT,supreme-court-7280,Government / Public Service,['Public Service'],1001-5000,1981,"{""city"": ""Muhanga"", ""country"": ""Rwanda""}",https://supreme-court.gov.rw,SUPREME COURT is a public institution of the Government of Rwanda.,Government institution: SUPREME COURT,verified,True,government,supreme-court.gov.rw,2024-04-09 19:18:48.187421+00:00
c4128617-4671-5d0c-90db-21350d0dfb04,BURERA DISTRICT,BURERA DISTRICT,burera-district-8238,Government / Public Service,['Public Service'],201-500,2000,"{""city"": ""Burera"", ""country"": ""Rwanda""}",https://burera-district.gov.rw,BURERA DISTRICT is a public institution of the Government of Rwanda.,Government institution: BURERA DISTRICT,verified,True,government,burera-district.gov.rw,2025-07-13 19:18:48.188282+00:00
ca479cac-13b3-5d61-a3bc-a9f9bf3f2e39,NATIONAL EXAMINATION AND SCHOOL INSPECTION AUTHORITY,NATIONAL EXAMINATION AND SCHOOL INSPECTION AUTHORITY,national-examination-and-school-inspection-authority-1955,Government / Public Service,['Public Service'],201-500,1990,"{""city"": ""Musanze"", ""country"": ""Rwanda""}",https://national-examination-and-school-inspection-authority.gov.rw,NATIONAL EXAMINATION AND SCHOOL INSPECTION AUTHORITY is a public institution of the Government of Rwanda.,Government institution: NATIONAL EXAMINATION AND SCHOOL INSPECTION AUTHORITY,verified,True,government,national-examination-and-school-inspection-authority.gov.rw,2023-12-18 19:18:48.189121+00:00
a49ac88d-1113-5354-91a2-c95d6f247102,GATSIBO DISTRICT,GATSIBO DISTRICT,gatsibo-district-1808,Government / Public Service,['Public Service'],10000+,2011,"{""city"": ""Nyagatare"", ""country"": ""Rwanda""}",https://gatsibo-district.gov.rw,GATSIBO DISTRICT is a public institution of the Government of Rwanda.,Government institution: GATSIBO DISTRICT,verified,True,government,gatsibo-district.gov.rw,2024-05-08 19:18:48.189937+00:00
6861b2b1-11ae-5a1d-a69c-5e01e97eefd0,RP KARONGI COLLEGE,RP KARONGI COLLEGE,rp-karongi-college-8677,Government / Public Service,['Public Service'],201-500,1985,"{""city"": ""Karongi"", ""country"": ""Rwanda""}",https://rp-karongi-college.gov.rw,RP KARONGI COLLEGE is a public institution of the Government of Rwanda.,Government institution: RP KARONGI COLLEGE,verified,True,government,rp-karongi-college.gov.rw,2025-01-12 19:18:48.194162+00:00
03e7a4e2-5073-53f7-bef5-778974608c8a,NGORORERO DISTRICT,NGORORERO DISTRICT,ngororero-district-5226,Government / Public Service,['Public Service'],1001-5000,2011,"{""city"": ""Gakenke"", ""country"": ""Rwanda""}",https://ngororero-district.gov.rw,NGORORERO DISTRICT is a public institution of the Government of Rwanda.,Government institution: NGORORERO DISTRICT,verified,True,government,ngororero-district.gov.rw,2023-12-27 19:18:48.195850+00:00
cbdc2732-c253-5564-aa7f-c104f4d6409f,NEURO PSYCHIATRIC TEACHING HOSPITAL CARAES NDERA,NEURO PSYCHIATRIC TEACHING HOSPITAL CARAES NDERA,neuro-psychiatric-teaching-hospital-caraes-ndera-8333,Government / Public Service,['Public Service'],201-500,1978,"{""city"": ""Rubavu"", ""country"": ""Rwanda""}",https://neuro-psychiatric-teaching-hospital-caraes-ndera.gov.rw,NEURO PSYCHIATRIC TEACHING HOSPITAL CARAES NDERA is a public institution of the Government of Rwanda.,Government institution: NEURO PSYCHIATRIC TEACHING HOSPITAL CARAES NDERA,verified,True,government,neuro-psychiatric-teaching-hospital-caraes-ndera.gov.rw,2024-01-08 19:18:48.199389+00:00
0eb370b0-03ce-502d-98e9-68c3995e2b34,GASABO DISTRICT,GASABO DISTRICT,gasabo-district-549,Government / Public Service,['Public Service'],1001-5000,1966,"{""city"": ""Gasabo"", ""country"": ""Rwanda""}",https://gasabo-district.gov.rw,GASABO DISTRICT is a public institution of the Government of Rwanda.,Government institution: GASABO DISTRICT,verified,True,government,gasabo-district.gov.rw,2024-05-19 19:18:48.200218+00:00
94bd2c31-0100-5f48-baa1-b15508b12050,GISAGARA DISTRICT,GISAGARA DISTRICT,gisagara-district-4898,Government / Public Service,['Public Service'],201-500,2015,"{""city"": ""Nyarugenge"", ""country"": ""Rwanda""}",https://gisagara-district.gov.rw,GISAGARA DISTRICT is a public institution of the Government of Rwanda.,Government institution: GISAGARA DISTRICT,verified,True,government,gisagara-district.gov.rw,2024-02-02 19:18:48.205761+00:00
429cf6c7-e319-5db8-b32d-d396baa1f819,MUSANZE DISTRICT,MUSANZE DISTRICT,musanze-district-9450,Government / Public Service,['Public Service'],10000+,2000,"{""city"": ""Musanze"", ""country"": ""Rwanda""}",https://musanze-district.gov.rw,MUSANZE DISTRICT is a public institution of the Government of Rwanda.,Government institution: MUSANZE DISTRICT,verified,True,government,musanze-district.gov.rw,2024-08-14 19:18:48.210877+00:00
681ca0ab-1c89-5862-994f-4cb0a2998110,Ministry of Trade and Industry,Ministry of Trade and Industry,ministry-of-trade-and-industry-7282,Government / Public Service,['Public Service'],10000+,1962,"{""city"": ""Gicumbi"", ""country"": ""Rwanda""}",https://ministry-of-trade-and-industry.gov.rw,Ministry of Trade and Industry is a public institution of the Government of Rwanda.,Government institution: Ministry of Trade and Industry,verified,True,government,ministry-of-trade-and-industry.gov.rw,2025-05-21 19:18:48.213105+00:00
52e7313f-4639-5d79-bad8-2615e3b7e280,RP NGOMA COLLEGE,RP NGOMA COLLEGE,rp-ngoma-college-7347,Government / Public Service,['Public Service'],10000+,1988,"{""city"": ""Ngoma"", ""country"": ""Rwanda""}",https://rp-ngoma-college.gov.rw,RP NGOMA COLLEGE is a public institution of the Government of Rwanda.,Government institution: RP NGOMA COLLEGE,verified,True,government,rp-ngoma-college.gov.rw,2023-12-21 19:18:48.214894+00:00
c8a4c97f-7988-5f08-822d-7183bfec5e8e,BUGESERA DISTRICT,BUGESERA DISTRICT,bugesera-district-3315,Government / Public Service,['Public Service'],201-500,1970,"{""city"": ""Bugesera"", ""country"": ""Rwanda""}",https://bugesera-district.gov.rw,BUGESERA DISTRICT is a public institution of the Government of Rwanda.,Government institution: BUGESERA DISTRICT,verified,True,government,bugesera-district.gov.rw,2023-11-10 19:18:48.216778+00:00
7636a50a-be07-5cbe-b4b1-5f2d53bd6a7b,"CHANCELLERY FOR HEROS, NATIONAL ORDERS AND DECORATION OF HONOURS","CHANCELLERY FOR HEROS, NATIONAL ORDERS AND DECORATION OF HONOURS",chancellery-for-heros-national-orders-and-decoration-of-honours-1971,Government / Public Service,['Public Service'],201-500,2008,"{""city"": ""Muhanga"", ""country"": ""Rwanda""}",https://chancellery-for-heros-national-orders-and-decoration-of-honours.gov.rw,"CHANCELLERY FOR HEROS, NATIONAL ORDERS AND DECORATION OF HONOURS is a public institution of the Government of Rwanda.","Government institution: CHANCELLERY FOR HEROS, NATIONAL ORDERS AND DECORATION OF HONOURS",verified,True,government,chancellery-for-heros-national-orders-and-decoration-of-honours.gov.rw,2024-03-07 19:18:48.217704+00:00
bc03a799-837d-5602-a105-0d3bc3efda7b,Rwanda Water Resources Board,Rwanda Water Resources Board,rwanda-water-resources-board-8199,Government / Public Service,['Public Service'],201-500,1968,"{""city"": ""Rusizi"", ""country"": ""Rwanda""}",https://rwanda-water-resources-board.gov.rw,Rwanda Water Resources Board is a public institution of the Government of Rwanda.,Government institution: Rwanda Water Resources Board,verified,True,government,rwanda-water-resources-board.gov.rw,2023-11-08 19:18:48.219890+00:00
02256b11-7514-502e-85c5-4b5ed28c00b5,Ministry of Infrastructure,Ministry of Infrastructure,ministry-of-infrastructure-2052,Government / Public Service,['Public Service'],201-500,1995,"{""city"": ""Gasabo"", ""country"": ""Rwanda""}",https://ministry-of-infrastructure.gov.rw,Ministry of Infrastructure is a public institution of the Government of Rwanda.,Government institution: Ministry of Infrastructure,verified,True,government,ministry-of-infrastructure.gov.rw,2024-12-13 19:18:48.220828+00:00
1f377f27-ab0e-5f6d-81f2-96b0efeb9b09,GAKENKE DISTRICT,GAKENKE DISTRICT,gakenke-district-420,Government / Public Service,['Public Service'],201-500,1976,"{""city"": ""Gakenke"", ""country"": ""Rwanda""}",https://gakenke-district.gov.rw,GAKENKE DISTRICT is a public institution of the Government of Rwanda.,Government institution: GAKENKE DISTRICT,verified,True,government,gakenke-district.gov.rw,2023-11-20 19:18:48.222963+00:00
afc9e29c-6db0-54ae-91bc-4cb20c590c45,GICUMBI DISTRICT,GICUMBI DISTRICT,gicumbi-district-3568,Government / Public Service,['Public Service'],10000+,1966,"{""city"": ""Gicumbi"", ""country"": ""Rwanda""}",https://gicumbi-district.gov.rw,GICUMBI DISTRICT is a public institution of the Government of Rwanda.,Government institution: GICUMBI DISTRICT,verified,True,government,gicumbi-district.gov.rw,2024-08-28 19:18:48.223773+00:00
1b4a5931-44f1-5314-9790-f731e41f7c26,Ministry of Environment,Ministry of Environment,ministry-of-environment-4843,Government / Public Service,['Public Service'],1001-5000,1975,"{""city"": ""Musanze"", ""country"": ""Rwanda""}",https://ministry-of-environment.gov.rw,Ministry of Environment is a public institution of the Government of Rwanda.,Government institution: Ministry of Environment,verified,True,government,ministry-of-environment.gov.rw,2025-03-11 19:18:48.226726+00:00
73fb11f6-5113-57a7-88be-4871a6dfd757,Higher Education Council,Higher Education Council,higher-education-council-3929,Government / Public Service,['Public Service'],1001-5000,1999,"{""city"": ""Gasabo"", ""country"": ""Rwanda""}",https://higher-education-council.gov.rw,Higher Education Council is a public institution of the Government of Rwanda.,Government institution: Higher Education Council,verified,True,government,higher-education-council.gov.rw,2023-12-28 19:18:48.227921+00:00
59f60bc1-38a0-554a-8be5-c603b26aa28b,NYANZA DISTRICT,NYANZA DISTRICT,nyanza-district-6256,Government / Public Service,['Public Service'],1001-5000,1966,"{""city"": ""Rubavu"", ""country"": ""Rwanda""}",https://nyanza-district.gov.rw,NYANZA DISTRICT is a public institution of the Government of Rwanda.,Government institution: NYANZA DISTRICT,verified,True,government,nyanza-district.gov.rw,2023-12-27 19:18:48.228784+00:00
a5e607e2-6d6d-5289-a081-0821a1834dc3,Ministry of ICT and Innovation,Ministry of ICT and Innovation,ministry-of-ict-and-innovation-1912,Government / Public Service,['Public Service'],10000+,1974,"{""city"": ""Nyamasheke"", ""country"": ""Rwanda""}",https://ministry-of-ict-and-innovation.gov.rw,Ministry of ICT and Innovation is a public institution of the Government of Rwanda.,Government institution: Ministry of ICT and Innovation,verified,True,government,ministry-of-ict-and-innovation.gov.rw,2025-11-21 19:18:48.232563+00:00
454165eb-859c-55b5-89c2-fb423479573e,Ministry of Justice,Ministry of Justice,ministry-of-justice-8984,Government / Public Service,['Public Service'],10000+,1967,"{""city"": ""Nyagatare"", ""country"": ""Rwanda""}",https://ministry-of-justice.gov.rw,Ministry of Justice is a public institution of the Government of Rwanda.,Government institution: Ministry of Justice,verified,True,government,ministry-of-justice.gov.rw,2025-05-25 19:18:48.234663+00:00
22bcc10b-e8c4-5b9e-9294-54c41b569b8b,Ministry of Education,Ministry of Education,ministry-of-education-9902,Government / Public Service,['Public Service'],10000+,1964,"{""city"": ""Musanze"", ""country"": ""Rwanda""}",https://ministry-of-education.gov.rw,Ministry of Education is a public institution of the Government of Rwanda.,Government institution: Ministry of Education,verified,True,government,ministry-of-education.gov.rw,2025-03-10 19:18:48.235589+00:00
295f89bb-3f1d-59fc-8ae0-fff16654af42,Ministry of Agriculture and Animal Resources,Ministry of Agriculture and Animal Resources,ministry-of-agriculture-and-animal-resources-2643,Government / Public Service,['Public Service'],10000+,1966,"{""city"": ""Nyamagabe"", ""country"": ""Rwanda""}",https://ministry-of-agriculture-and-animal-resources.gov.rw,Ministry of Agriculture and Animal Resources is a public institution of the Government of Rwanda.,Government institution: Ministry of Agriculture and Animal Resources,verified,True,government,ministry-of-agriculture-and-animal-resources.gov.rw,2025-03-09 19:18:48.238700+00:00
7d26596f-6cdf-5ea3-afbe-a584c9a519c9,Road Maintenance Fund,Road Maintenance Fund,road-maintenance-fund-3915,Government / Public Service,['Public Service'],10000+,2004,"{""city"": ""Rubavu"", ""country"": ""Rwanda""}",https://road-maintenance-fund.gov.rw,Road Maintenance Fund is a public institution of the Government of Rwanda.,Government institution: Road Maintenance Fund,verified,True,government,road-maintenance-fund.gov.rw,2024-07-16 19:18:48.239605+00:00
98dd66ee-6500-5d25-ae65-e5c8c8b7e2ca,RP KIGALI COLLEGE,RP KIGALI COLLEGE,rp-kigali-college-3004,Government / Public Service,['Public Service'],201-500,1992,"{""city"": ""Gicumbi"", ""country"": ""Rwanda""}",https://rp-kigali-college.gov.rw,RP KIGALI COLLEGE is a public institution of the Government of Rwanda.,Government institution: RP KIGALI COLLEGE,verified,True,government,rp-kigali-college.gov.rw,2024-07-23 19:18:48.240312+00:00
db8947ee-6112-5748-b14c-a84efb32d51e,RWANDA FORESTRY AUTHORITY,RWANDA FORESTRY AUTHORITY,rwanda-forestry-authority-7246,Government / Public Service,['Public Service'],201-500,2000,"{""city"": ""Kicukiro"", ""country"": ""Rwanda""}",https://rwanda-forestry-authority.gov.rw,RWANDA FORESTRY AUTHORITY is a public institution of the Government of Rwanda.,Government institution: RWANDA FORESTRY AUTHORITY,verified,True,government,rwanda-forestry-authority.gov.rw,2024-02-09 19:18:48.242449+00:00
42d71c20-d5d9-5490-ab5d-33c95b2de8c7,RWANDA ENVIRONMENT MANAGEMENT AUTHORITY,RWANDA ENVIRONMENT MANAGEMENT AUTHORITY,rwanda-environment-management-authority-3793,Government / Public Service,['Public Service'],501-1000,1991,"{""city"": ""Gakenke"", ""country"": ""Rwanda""}",https://rwanda-environment-management-authority.gov.rw,RWANDA ENVIRONMENT MANAGEMENT AUTHORITY is a public institution of the Government of Rwanda.,Government institution: RWANDA ENVIRONMENT MANAGEMENT AUTHORITY,verified,True,government,rwanda-environment-management-authority.gov.rw,2025-03-22 19:18:48.243898+00:00
a2b8ef6e-e02d-5006-a38e-552ee5469538,NYARUGENGE DISTRICT,NYARUGENGE DISTRICT,nyarugenge-district-2402,Government / Public Service,['Public Service'],501-1000,1974,"{""city"": ""Nyarugenge"", ""country"": ""Rwanda""}",https://nyarugenge-district.gov.rw,NYARUGENGE DISTRICT is a public institution of the Government of Rwanda.,Government institution: NYARUGENGE DISTRICT,verified,True,government,nyarugenge-district.gov.rw,2025-08-16 19:18:48.248207+00:00
8389d518-a63f-5b73-b6aa-59f323787365,HUYE DISTRICT,HUYE DISTRICT,huye-district-2773,Government / Public Service,['Public Service'],501-1000,1975,"{""city"": ""Huye"", ""country"": ""Rwanda""}",https://huye-district.gov.rw,HUYE DISTRICT is a public institution of the Government of Rwanda.,Government institution: HUYE DISTRICT,verified,True,government,huye-district.gov.rw,2024-03-18 19:18:48.249971+00:00
1a50897a-75dd-5ff2-888e-205b86e35d65,WESTERN PROVINCE,WESTERN PROVINCE,western-province-3411,Government / Public Service,['Public Service'],501-1000,2011,"{""city"": ""Gicumbi"", ""country"": ""Rwanda""}",https://western-province.gov.rw,WESTERN PROVINCE is a public institution of the Government of Rwanda.,Government institution: WESTERN PROVINCE,verified,True,government,western-province.gov.rw,2025-02-19 19:18:48.251408+00:00
285e5a0c-eb3a-5553-8cdb-bb6b227b586d,KAYONZA DISTRICT,KAYONZA DISTRICT,kayonza-district-5985,Government / Public Service,['Public Service'],201-500,2005,"{""city"": ""Kayonza"", ""country"": ""Rwanda""}",https://kayonza-district.gov.rw,KAYONZA DISTRICT is a public institution of the Government of Rwanda.,Government institution: KAYONZA DISTRICT,verified,True,government,kayonza-district.gov.rw,2025-01-23 19:18:48.253133+00:00
e6d8f53d-50ab-5bba-b997-4a5850719b44,NATIONAL IDENTIFICATION AGENCY,NATIONAL IDENTIFICATION AGENCY,national-identification-agency-915,Government / Public Service,['Public Service'],201-500,1964,"{""city"": ""Gasabo"", ""country"": ""Rwanda""}",https://national-identification-agency.gov.rw,NATIONAL IDENTIFICATION AGENCY is a public institution of the Government of Rwanda.,Government institution: NATIONAL IDENTIFICATION AGENCY,verified,True,government,national-identification-agency.gov.rw,2024-05-10 19:18:48.255065+00:00
7627d707-ee56-58c6-b8f3-87a6284295a0,RWANDA NATIONAL COMMISSION FOR UNESCO,RWANDA NATIONAL COMMISSION FOR UNESCO,rwanda-national-commission-for-unesco-995,Government / Public Service,['Public Service'],10000+,1979,"{""city"": ""Muhanga"", ""country"": ""Rwanda""}",https://rwanda-national-commission-for-unesco.gov.rw,RWANDA NATIONAL COMMISSION FOR UNESCO is a public institution of the Government of Rwanda.,Government institution: RWANDA NATIONAL COMMISSION FOR UNESCO,verified,True,government,rwanda-national-commission-for-unesco.gov.rw,2023-10-10 19:18:48.268274+00:00
9831ad06-f61e-56c4-a943-a5d244f4b6ae,Ministry of Sports,Ministry of Sports,ministry-of-sports-806,Government / Public Service,['Public Service'],1001-5000,1984,"{""city"": ""Rutsiro"", ""country"": ""Rwanda""}",https://ministry-of-sports.gov.rw,Ministry of Sports is a public institution of the Government of Rwanda.,Government institution: Ministry of Sports,verified,True,government,ministry-of-sports.gov.rw,2024-06-13 19:18:48.269806+00:00
38eee470-33b6-5762-b22e-90e46dbfbd16,RWANDA CULTURAL HERITAGE ACADEMY,RWANDA CULTURAL HERITAGE ACADEMY,rwanda-cultural-heritage-academy-7894,Government / Public Service,['Public Service'],10000+,1987,"{""city"": ""Burera"", ""country"": ""Rwanda""}",https://rwanda-cultural-heritage-academy.gov.rw,RWANDA CULTURAL HERITAGE ACADEMY is a public institution of the Government of Rwanda.,Government institution: RWANDA CULTURAL HERITAGE ACADEMY,verified,True,government,rwanda-cultural-heritage-academy.gov.rw,2025-07-03 19:18:48.270653+00:00
be6df96d-d4e7-5e8f-904a-ef4f3521a93b,NYARUGURU DISTRICT,NYARUGURU DISTRICT,nyaruguru-district-9173,Government / Public Service,['Public Service'],501-1000,1966,"{""city"": ""Kayonza"", ""country"": ""Rwanda""}",https://nyaruguru-district.gov.rw,NYARUGURU DISTRICT is a public institution of the Government of Rwanda.,Government institution: NYARUGURU DISTRICT,verified,True,government,nyaruguru-district.gov.rw,2025-07-12 19:18:48.274504+00:00
37d37d39-6884-5b72-813c-5be1d0aebeab,NATIONAL REHABILITATION SERVICE,NATIONAL REHABILITATION SERVICE,national-rehabilitation-service-1664,Government / Public Service,['Public Service'],201-500,1995,"{""city"": ""Rusizi"", ""country"": ""Rwanda""}",https://national-rehabilitation-service.gov.rw,NATIONAL REHABILITATION SERVICE is a public institution of the Government of Rwanda.,Government institution: NATIONAL REHABILITATION SERVICE,verified,True,government,national-rehabilitation-service.gov.rw,2025-02-11 19:18:48.277882+00:00
2359a6c3-9b45-5036-9b52-03c3fd918bfc,RWANDA STANDARDS BOARD,RWANDA STANDARDS BOARD,rwanda-standards-board-3836,Government / Public Service,['Public Service'],501-1000,2006,"{""city"": ""Gasabo"", ""country"": ""Rwanda""}",https://rwanda-standards-board.gov.rw,RWANDA STANDARDS BOARD is a public institution of the Government of Rwanda.,Government institution: RWANDA STANDARDS BOARD,verified,True,government,rwanda-standards-board.gov.rw,2024-11-27 19:18:48.282092+00:00
ab585bdc-b95f-5cbf-acca-7007f8924555,Senate of Rwanda,Senate of Rwanda,senate-of-rwanda-3581,Government / Public Service,['Public Service'],1001-5000,1987,"{""city"": ""Rusizi"", ""country"": ""Rwanda""}",https://senate-of-rwanda.gov.rw,Senate of Rwanda is a public institution of the Government of Rwanda.,Government institution: Senate of Rwanda,verified,True,government,senate-of-rwanda.gov.rw,2025-09-19 19:18:48.284216+00:00
8829c2b2-9325-561d-bbf1-693a04731d39,Ministry of Foreign Affairs and International Cooperation,Ministry of Foreign Affairs and International Cooperation,ministry-of-foreign-affairs-and-international-cooperation-7227,Government / Public Service,['Public Service'],201-500,1973,"{""city"": ""Nyamagabe"", ""country"": ""Rwanda""}",https://ministry-of-foreign-affairs-and-international-cooperation.gov.rw,Ministry of Foreign Affairs and International Cooperation is a public institution of the Government of Rwanda.,Government institution: Ministry of Foreign Affairs and International Cooperation,verified,True,government,ministry-of-foreign-affairs-and-international-cooperation.gov.rw,2025-07-21 19:18:48.285321+00:00
4549036b-cd0a-5766-8640-ba845c6ab954,NATIONAL INDUSTRIAL RESEARCH AND DEVELOPMENT AGENCY,NATIONAL INDUSTRIAL RESEARCH AND DEVELOPMENT AGENCY,national-industrial-research-and-development-agency-6497,Government / Public Service,['Public Service'],201-500,1963,"{""city"": ""Muhanga"", ""country"": ""Rwanda""}",https://national-industrial-research-and-development-agency.gov.rw,NATIONAL INDUSTRIAL RESEARCH AND DEVELOPMENT AGENCY is a public institution of the Government of Rwanda.,Government institution: NATIONAL INDUSTRIAL RESEARCH AND DEVELOPMENT AGENCY,verified,True,government,national-industrial-research-and-development-agency.gov.rw,2024-03-17 19:18:48.291008+00:00
445f077e-502f-5357-9104-6a4bc44ae644,RWANDA TVET BOARD,RWANDA TVET BOARD,rwanda-tvet-board-8682,Government / Public Service,['Public Service'],1001-5000,2012,"{""city"": ""Nyamagabe"", ""country"": ""Rwanda""}",https://rwanda-tvet-board.gov.rw,RWANDA TVET BOARD is a public institution of the Government of Rwanda.,Government institution: RWANDA TVET BOARD,verified,True,government,rwanda-tvet-board.gov.rw,2024-09-09 19:18:48.296607+00:00
009cd6a6-c7db-581a-b467-7926ca0b28a1,NATIONAL INSTITUTE OF STATISTICS OF RWANDA,NATIONAL INSTITUTE OF STATISTICS OF RWANDA,national-institute-of-statistics-of-rwanda-2584,Government / Public Service,['Public Service'],501-1000,1982,"{""city"": ""Gicumbi"", ""country"": ""Rwanda""}",https://national-institute-of-statistics-of-rwanda.gov.rw,NATIONAL INSTITUTE OF STATISTICS OF RWANDA is a public institution of the Government of Rwanda.,Government institution: NATIONAL INSTITUTE OF STATISTICS OF RWANDA,verified,True,government,national-institute-of-statistics-of-rwanda.gov.rw,2023-10-27 19:18:48.305754+00:00
e00626df-3dff-5686-9595-97588504d56c,CHAMBER OF DEPUTIES,CHAMBER OF DEPUTIES,chamber-of-deputies-6829,Government / Public Service,['Public Service'],10000+,2005,"{""city"": ""Nyarugenge"", ""country"": ""Rwanda""}",https://chamber-of-deputies.gov.rw,CHAMBER OF DEPUTIES is a public institution of the Government of Rwanda.,Government institution: CHAMBER OF DEPUTIES,verified,True,government,chamber-of-deputies.gov.rw,2024-07-11 19:18:48.314579+00:00
178f4856-6220-5693-9c65-dbd3b979fd97,Ministry of Gender and Family Promotion,Ministry of Gender and Family Promotion,ministry-of-gender-and-family-promotion-368,Government / Public Service,['Public Service'],10000+,1970,"{""city"": ""Ngoma"", ""country"": ""Rwanda""}",https://ministry-of-gender-and-family-promotion.gov.rw,Ministry of Gender and Family Promotion is a public institution of the Government of Rwanda.,Government institution: Ministry of Gender and Family Promotion,verified,True,government,ministry-of-gender-and-family-promotion.gov.rw,2024-04-14 19:18:48.315622+00:00
b8aa8b9e-76e8-5139-89a0-0567004b7ffa,RWANDA COOPERATIVES AGENCY,RWANDA COOPERATIVES AGENCY,rwanda-cooperatives-agency-4346,Government / Public Service,['Public Service'],201-500,1989,"{""city"": ""Nyamasheke"", ""country"": ""Rwanda""}",https://rwanda-cooperatives-agency.gov.rw,RWANDA COOPERATIVES AGENCY is a public institution of the Government of Rwanda.,Government institution: RWANDA COOPERATIVES AGENCY,verified,True,government,rwanda-cooperatives-agency.gov.rw,2025-09-29 19:18:48.318718+00:00
98fa0339-7034-578d-9127-c8660fbc9cc6,NATIONAL PUBLIC PROSECUTION AUTHORITY,NATIONAL PUBLIC PROSECUTION AUTHORITY,national-public-prosecution-authority-4202,Government / Public Service,['Public Service'],10000+,1967,"{""city"": ""Huye"", ""country"": ""Rwanda""}",https://national-public-prosecution-authority.gov.rw,NATIONAL PUBLIC PROSECUTION AUTHORITY is a public institution of the Government of Rwanda.,Government institution: NATIONAL PUBLIC PROSECUTION AUTHORITY,verified,True,government,national-public-prosecution-authority.gov.rw,2025-03-31 19:18:48.332813+00:00
0acf8cfa-735a-5f72-ab5b-eae1b8265c24,RWANDA METEOROLOGY AGENCY,RWANDA METEOROLOGY AGENCY,rwanda-meteorology-agency-2298,Government / Public Service,['Public Service'],1001-5000,2006,"{""city"": ""Huye"", ""country"": ""Rwanda""}",https://rwanda-meteorology-agency.gov.rw,RWANDA METEOROLOGY AGENCY is a public institution of the Government of Rwanda.,Government institution: RWANDA METEOROLOGY AGENCY,verified,True,government,rwanda-meteorology-agency.gov.rw,2025-02-11 19:18:48.335059+00:00
3c489e18-6c38-5fad-b9de-8244b54480e6,Ministry of Local Government,Ministry of Local Government,ministry-of-local-government-4569,Government / Public Service,['Public Service'],201-500,1993,"{""city"": ""Gasabo"", ""country"": ""Rwanda""}",https://ministry-of-local-government.gov.rw,Ministry of Local Government is a public institution of the Government of Rwanda.,Government institution: Ministry of Local Government,verified,True,government,ministry-of-local-government.gov.rw,2025-01-03 19:18:48.344431+00:00
9278b25b-a0fc-5a7d-978b-dbf3daeb3cfa,Ministry of Public Service and Labour,Ministry of Public Service and Labour,ministry-of-public-service-and-labour-9831,Government / Public Service,['Public Service'],10000+,2005,"{""city"": ""Musanze"", ""country"": ""Rwanda""}",https://ministry-of-public-service-and-labour.gov.rw,Ministry of Public Service and Labour is a public institution of the Government of Rwanda.,Government institution: Ministry of Public Service and Labour,verified,True,government,ministry-of-public-service-and-labour.gov.rw,2025-10-21 19:18:48.370281+00:00
81a1dad5-202f-5060-bf35-06a535fa2045,RP HUYE COLLEGE,RP HUYE COLLEGE,rp-huye-college-6758,Government / Public Service,['Public Service'],10000+,2005,"{""city"": ""Huye"", ""country"": ""Rwanda""}",https://rp-huye-college.gov.rw,RP HUYE COLLEGE is a public institution of the Government of Rwanda.,Government institution: RP HUYE COLLEGE,verified,True,government,rp-huye-college.gov.rw,2023-12-16 19:18:48.382393+00:00
16aa26c6-7d7f-5ece-ba8e-a77b34cd49f8,Rwanda Governance Board,Rwanda Governance Board,rwanda-governance-board-602,Government / Public Service,['Public Service'],10000+,1975,"{""city"": ""Rubavu"", ""country"": ""Rwanda""}",https://rwanda-governance-board.gov.rw,Rwanda Governance Board is a public institution of the Government of Rwanda.,Government institution: Rwanda Governance Board,verified,True,government,rwanda-governance-board.gov.rw,2025-05-17 19:18:48.390221+00:00
3028598d-1996-5f67-9c98-18d62bc67325,NATIONAL COUNCIL FOR SCIENCE AND TECHNOLOGY,NATIONAL COUNCIL FOR SCIENCE AND TECHNOLOGY,national-council-for-science-and-technology-9543,Government / Public Service,['Public Service'],201-500,1983,"{""city"": ""Gasabo"", ""country"": ""Rwanda""}",https://national-council-for-science-and-technology.gov.rw,NATIONAL COUNCIL FOR SCIENCE AND TECHNOLOGY is a public institution of the Government of Rwanda.,Government institution: NATIONAL COUNCIL FOR SCIENCE AND TECHNOLOGY,verified,True,government,national-council-for-science-and-technology.gov.rw,2025-10-07 19:18:48.396370+00:00
29616e3e-5b8f-597b-9988-05cd7dd37c14,CENTRAL UNIVERSITY HOSPITAL OF KIGALI,CENTRAL UNIVERSITY HOSPITAL OF KIGALI,central-university-hospital-of-kigali-6135,Government / Public Service,['Public Service'],1001-5000,2007,"{""city"": ""Muhanga"", ""country"": ""Rwanda""}",https://central-university-hospital-of-kigali.gov.rw,CENTRAL UNIVERSITY HOSPITAL OF KIGALI is a public institution of the Government of Rwanda.,Government institution: CENTRAL UNIVERSITY HOSPITAL OF KIGALI,verified,True,government,central-university-hospital-of-kigali.gov.rw,2024-02-15 19:18:48.398224+00:00
dbb17540-0e10-5a80-b239-a72487e9384e,Ministry of Interior,Ministry of Interior,ministry-of-interior-4920,Government / Public Service,['Public Service'],10000+,1969,"{""city"": ""Ngoma"", ""country"": ""Rwanda""}",https://ministry-of-interior.gov.rw,Ministry of Interior is a public institution of the Government of Rwanda.,Government institution: Ministry of Interior,verified,True,government,ministry-of-interior.gov.rw,2024-11-14 19:18:48.405976+00:00
c3234125-c1c3-52c4-bec2-cfb7c4453587,RWAMAGANA DISTRICT,RWAMAGANA DISTRICT,rwamagana-district-2923,Government / Public Service,['Public Service'],10000+,1964,"{""city"": ""Rwamagana"", ""country"": ""Rwanda""}",https://rwamagana-district.gov.rw,RWAMAGANA DISTRICT is a public institution of the Government of Rwanda.,Government institution: RWAMAGANA DISTRICT,verified,True,government,rwamagana-district.gov.rw,2024-03-27 19:18:48.413874+00:00
4a43726d-1f14-58f4-882e-0a55b936c42d,FINANCIAL INTELLIGENCE CENTRE,FINANCIAL INTELLIGENCE CENTRE,financial-intelligence-centre-7352,Government / Public Service,['Public Service'],10000+,1963,"{""city"": ""Gasabo"", ""country"": ""Rwanda""}",https://financial-intelligence-centre.gov.rw,FINANCIAL INTELLIGENCE CENTRE is a public institution of the Government of Rwanda.,Government institution: FINANCIAL INTELLIGENCE CENTRE,verified,True,government,financial-intelligence-centre.gov.rw,2023-11-18 19:18:48.424209+00:00
1f0c9a5e-84bc-5e46-b807-a1ee7596bea3,RP GISHARI COLLEGE,RP GISHARI COLLEGE,rp-gishari-college-1234,Government / Public Service,['Public Service'],10000+,1971,"{""city"": ""Nyarugenge"", ""country"": ""Rwanda""}",https://rp-gishari-college.gov.rw,RP GISHARI COLLEGE is a public institution of the Government of Rwanda.,Government institution: RP GISHARI COLLEGE,verified,True,government,rp-gishari-college.gov.rw,2023-11-06 19:18:48.457119+00:00
317594ab-2f3d-5fd2-add5-77d9f0ec58b2,Rwanda Law Reform Commission,Rwanda Law Reform Commission,rwanda-law-reform-commission-7545,Government / Public Service,['Public Service'],1001-5000,1990,"{""city"": ""Rusizi"", ""country"": ""Rwanda""}",https://rwanda-law-reform-commission.gov.rw,Rwanda Law Reform Commission is a public institution of the Government of Rwanda.,Government institution: Rwanda Law Reform Commission,verified,True,government,rwanda-law-reform-commission.gov.rw,2024-09-21 19:18:48.510074+00:00
f7c407b6-cb3a-57e5-97dc-abfc35a84413,Rwanda Management Institute,Rwanda Management Institute,rwanda-management-institute-538,Government / Public Service,['Public Service'],201-500,2014,"{""city"": ""Huye"", ""country"": ""Rwanda""}",https://rwanda-management-institute.gov.rw,Rwanda Management Institute is a public institution of the Government of Rwanda.,Government institution: Rwanda Management Institute,verified,True,government,rwanda-management-institute.gov.rw,2023-10-22 19:18:48.510766+00:00
11d0986b-ce1b-5ee5-96a1-273f38f93021,MINISTRY OF YOUTH AND ARTS,MINISTRY OF YOUTH AND ARTS,ministry-of-youth-and-arts-7343,Government / Public Service,['Public Service'],501-1000,1994,"{""city"": ""Rusizi"", ""country"": ""Rwanda""}",https://ministry-of-youth-and-arts.gov.rw,MINISTRY OF YOUTH AND ARTS is a public institution of the Government of Rwanda.,Government institution: MINISTRY OF YOUTH AND ARTS,verified,True,government,ministry-of-youth-and-arts.gov.rw,2023-10-31 19:18:48.531932+00:00
b2a87346-fef0-58cd-bd70-b253216f0f8a,RWANDA FORENSIC INSTITUTE,RWANDA FORENSIC INSTITUTE,rwanda-forensic-institute-7929,Government / Public Service,['Public Service'],10000+,1976,"{""city"": ""Musanze"", ""country"": ""Rwanda""}",https://rwanda-forensic-institute.gov.rw,RWANDA FORENSIC INSTITUTE is a public institution of the Government of Rwanda.,Government institution: RWANDA FORENSIC INSTITUTE,verified,True,government,rwanda-forensic-institute.gov.rw,2025-03-20 19:18:48.555594+00:00
b2daaded-ded5-5e75-9704-a538ea0f341d,SPECIAL GUARANTEE FUND,SPECIAL GUARANTEE FUND,special-guarantee-fund-8704,Government / Public Service,['Public Service'],501-1000,1991,"{""city"": ""Rwamagana"", ""country"": ""Rwanda""}",https://special-guarantee-fund.gov.rw,SPECIAL GUARANTEE FUND is a public institution of the Government of Rwanda.,Government institution: SPECIAL GUARANTEE FUND,verified,True,government,special-guarantee-fund.gov.rw,2024-01-04 19:18:48.561529+00:00
d7ad4463-4b94-51eb-bd41-130265091cdd,NATIONAL PUBLIC SERVICE COMMISSION,NATIONAL PUBLIC SERVICE COMMISSION,national-public-service-commission-9646,Government / Public Service,['Public Service'],501-1000,1966,"{""city"": ""Nyarugenge"", ""country"": ""Rwanda""}",https://national-public-service-commission.gov.rw,NATIONAL PUBLIC SERVICE COMMISSION is a public institution of the Government of Rwanda.,Government institution: NATIONAL PUBLIC SERVICE COMMISSION,verified,True,government,national-public-service-commission.gov.rw,2024-02-02 19:18:48.570017+00:00
d61aa559-30ef-5bd3-9e0d-2bf7dbc31404,RWANDA PUBLIC PROCUREMENT AUTHORITY,RWANDA PUBLIC PROCUREMENT AUTHORITY,rwanda-public-procurement-authority-4275,Government / Public Service,['Public Service'],501-1000,2007,"{""city"": ""Muhanga"", ""country"": ""Rwanda""}",https://rwanda-public-procurement-authority.gov.rw,RWANDA PUBLIC PROCUREMENT AUTHORITY is a public institution of the Government of Rwanda.,Government institution: RWANDA PUBLIC PROCUREMENT AUTHORITY,verified,True,government,rwanda-public-procurement-authority.gov.rw,2025-08-16 19:18:48.583220+00:00
273de5c9-4e8a-5e71-8e48-6602bba8916c,KICUKIRO DISTRICT,KICUKIRO DISTRICT,kicukiro-district-5213,Government / Public Service,['Public Service'],1001-5000,2004,"{""city"": ""Kicukiro"", ""country"": ""Rwanda""}",https://kicukiro-district.gov.rw,KICUKIRO DISTRICT is a public institution of the Government of Rwanda.,Government institution: KICUKIRO DISTRICT,verified,True,government,kicukiro-district.gov.rw,2024-06-24 19:18:48.625650+00:00
2db0e48f-fd0e-538c-b131-0c4af41f35f6,OMBUDSMAN OFFICE,OMBUDSMAN OFFICE,ombudsman-office-5544,Government / Public Service,['Public Service'],1001-5000,2015,"{""city"": ""Karongi"", ""country"": ""Rwanda""}",https://ombudsman-office.gov.rw,OMBUDSMAN OFFICE is a public institution of the Government of Rwanda.,Government institution: OMBUDSMAN OFFICE,verified,True,government,ombudsman-office.gov.rw,2024-02-03 19:18:48.730322+00:00
